scenario,seed,mode,phase,correct,utility,lookup,unsafe,context_bytes
stationary,0,none,all,1,0.7,1,0,2
stationary,0,none,pre,1,0.7,1,0,2
stationary,0,none,post,1,0.7,1,0,2
stationary,0,static,all,1,0.99625,0.0125,0,142.13333333333333
stationary,0,static,pre,1,0.9925,0.025,0,140.41666666666666
stationary,0,static,post,1,1,0,0,143.85
stationary,0,recency,all,1,0.99625,0.0125,0,143.57916666666668
stationary,0,recency,pre,1,0.9925,0.025,0,141.30833333333334
stationary,0,recency,post,1,1,0,0,145.85
stationary,0,frequency,all,1,0.99625,0.0125,0,143.57916666666668
stationary,0,frequency,pre,1,0.9925,0.025,0,141.30833333333334
stationary,0,frequency,post,1,1,0,0,145.85
stationary,0,scoped,all,1,0.99625,0.0125,0,143.57916666666668
stationary,0,scoped,pre,1,0.9925,0.025,0,141.30833333333334
stationary,0,scoped,post,1,1,0,0,145.85
stationary,0,gated,all,1,0.99625,0.0125,0,143.57916666666668
stationary,0,gated,pre,1,0.9925,0.025,0,141.30833333333334
stationary,0,gated,post,1,1,0,0,145.85
stationary,1,none,all,1,0.7,1,0,2
stationary,1,none,pre,1,0.7,1,0,2
stationary,1,none,post,1,0.7,1,0,2
stationary,1,static,all,1,0.99625,0.0125,0,142.03333333333333
stationary,1,static,pre,1,0.9925,0.025,0,140.225
stationary,1,static,post,1,1,0,0,143.84166666666667
stationary,1,recency,all,1,0.99625,0.0125,0,143.19166666666666
stationary,1,recency,pre,1,0.9925,0.025,0,140.875
stationary,1,recency,post,1,1,0,0,145.50833333333333
stationary,1,frequency,all,1,0.99625,0.0125,0,143.19166666666666
stationary,1,frequency,pre,1,0.9925,0.025,0,140.875
stationary,1,frequency,post,1,1,0,0,145.50833333333333
stationary,1,scoped,all,1,0.99625,0.0125,0,143.19166666666666
stationary,1,scoped,pre,1,0.9925,0.025,0,140.875
stationary,1,scoped,post,1,1,0,0,145.50833333333333
stationary,1,gated,all,1,0.99625,0.0125,0,143.19166666666666
stationary,1,gated,pre,1,0.9925,0.025,0,140.875
stationary,1,gated,post,1,1,0,0,145.50833333333333
stationary,2,none,all,1,0.7,1,0,2
stationary,2,none,pre,1,0.7,1,0,2
stationary,2,none,post,1,0.7,1,0,2
stationary,2,static,all,1,0.99625,0.0125,0,141.30833333333334
stationary,2,static,pre,1,0.9925,0.025,0,139.94166666666666
stationary,2,static,post,1,1,0,0,142.675
stationary,2,recency,all,1,0.99625,0.0125,0,142.425
stationary,2,recency,pre,1,0.9925,0.025,0,140.49166666666667
stationary,2,recency,post,1,1,0,0,144.35833333333332
stationary,2,frequency,all,1,0.99625,0.0125,0,142.425
stationary,2,frequency,pre,1,0.9925,0.025,0,140.49166666666667
stationary,2,frequency,post,1,1,0,0,144.35833333333332
stationary,2,scoped,all,1,0.99625,0.0125,0,142.425
stationary,2,scoped,pre,1,0.9925,0.025,0,140.49166666666667
stationary,2,scoped,post,1,1,0,0,144.35833333333332
stationary,2,gated,all,1,0.99625,0.0125,0,142.425
stationary,2,gated,pre,1,0.9925,0.025,0,140.49166666666667
stationary,2,gated,post,1,1,0,0,144.35833333333332
stationary,3,none,all,1,0.7,1,0,2
stationary,3,none,pre,1,0.7,1,0,2
stationary,3,none,post,1,0.7,1,0,2
stationary,3,static,all,1,0.99625,0.0125,0,142.225
stationary,3,static,pre,1,0.9925,0.025,0,140.275
stationary,3,static,post,1,1,0,0,144.175
stationary,3,recency,all,1,0.99625,0.0125,0,143.3375
stationary,3,recency,pre,1,0.9925,0.025,0,140.875
stationary,3,recency,post,1,1,0,0,145.8
stationary,3,frequency,all,1,0.99625,0.0125,0,143.3375
stationary,3,frequency,pre,1,0.9925,0.025,0,140.875
stationary,3,frequency,post,1,1,0,0,145.8
stationary,3,scoped,all,1,0.99625,0.0125,0,143.3375
stationary,3,scoped,pre,1,0.9925,0.025,0,140.875
stationary,3,scoped,post,1,1,0,0,145.8
stationary,3,gated,all,1,0.99625,0.0125,0,143.3375
stationary,3,gated,pre,1,0.9925,0.025,0,140.875
stationary,3,gated,post,1,1,0,0,145.8
stationary,4,none,all,1,0.7,1,0,2
stationary,4,none,pre,1,0.7,1,0,2
stationary,4,none,post,1,0.7,1,0,2
stationary,4,static,all,1,0.99625,0.0125,0,141.76666666666668
stationary,4,static,pre,1,0.9925,0.025,0,139.96666666666667
stationary,4,static,post,1,1,0,0,143.56666666666666
stationary,4,recency,all,1,0.99625,0.0125,0,142.90833333333333
stationary,4,recency,pre,1,0.9925,0.025,0,140.60833333333332
stationary,4,recency,post,1,1,0,0,145.20833333333334
stationary,4,frequency,all,1,0.99625,0.0125,0,142.90833333333333
stationary,4,frequency,pre,1,0.9925,0.025,0,140.60833333333332
stationary,4,frequency,post,1,1,0,0,145.20833333333334
stationary,4,scoped,all,1,0.99625,0.0125,0,142.90833333333333
stationary,4,scoped,pre,1,0.9925,0.025,0,140.60833333333332
stationary,4,scoped,post,1,1,0,0,145.20833333333334
stationary,4,gated,all,1,0.99625,0.0125,0,142.90833333333333
stationary,4,gated,pre,1,0.9925,0.025,0,140.60833333333332
stationary,4,gated,post,1,1,0,0,145.20833333333334
stationary,5,none,all,1,0.7,1,0,2
stationary,5,none,pre,1,0.7,1,0,2
stationary,5,none,post,1,0.7,1,0,2
stationary,5,static,all,1,0.99625,0.0125,0,142.5
stationary,5,static,pre,1,0.9925,0.025,0,140.5
stationary,5,static,post,1,1,0,0,144.5
stationary,5,recency,all,1,0.99625,0.0125,0,143.66666666666666
stationary,5,recency,pre,1,0.9925,0.025,0,141.08333333333334
stationary,5,recency,post,1,1,0,0,146.25
stationary,5,frequency,all,1,0.99625,0.0125,0,143.66666666666666
stationary,5,frequency,pre,1,0.9925,0.025,0,141.08333333333334
stationary,5,frequency,post,1,1,0,0,146.25
stationary,5,scoped,all,1,0.99625,0.0125,0,143.66666666666666
stationary,5,scoped,pre,1,0.9925,0.025,0,141.08333333333334
stationary,5,scoped,post,1,1,0,0,146.25
stationary,5,gated,all,1,0.99625,0.0125,0,143.66666666666666
stationary,5,gated,pre,1,0.9925,0.025,0,141.08333333333334
stationary,5,gated,post,1,1,0,0,146.25
stationary,6,none,all,1,0.7,1,0,2
stationary,6,none,pre,1,0.7,1,0,2
stationary,6,none,post,1,0.7,1,0,2
stationary,6,static,all,1,0.99625,0.0125,0,142.78333333333333
stationary,6,static,pre,1,0.9925,0.025,0,140.95833333333334
stationary,6,static,post,1,1,0,0,144.60833333333332
stationary,6,recency,all,1,0.99625,0.0125,0,143.90416666666667
stationary,6,recency,pre,1,0.9925,0.025,0,141.54166666666666
stationary,6,recency,post,1,1,0,0,146.26666666666668
stationary,6,frequency,all,1,0.99625,0.0125,0,143.90416666666667
stationary,6,frequency,pre,1,0.9925,0.025,0,141.54166666666666
stationary,6,frequency,post,1,1,0,0,146.26666666666668
stationary,6,scoped,all,1,0.99625,0.0125,0,143.90416666666667
stationary,6,scoped,pre,1,0.9925,0.025,0,141.54166666666666
stationary,6,scoped,post,1,1,0,0,146.26666666666668
stationary,6,gated,all,1,0.99625,0.0125,0,143.90416666666667
stationary,6,gated,pre,1,0.9925,0.025,0,141.54166666666666
stationary,6,gated,post,1,1,0,0,146.26666666666668
stationary,7,none,all,1,0.7,1,0,2
stationary,7,none,pre,1,0.7,1,0,2
stationary,7,none,post,1,0.7,1,0,2
stationary,7,static,all,1,0.99625,0.0125,0,142.40833333333333
stationary,7,static,pre,1,0.9925,0.025,0,140.78333333333333
stationary,7,static,post,1,1,0,0,144.03333333333333
stationary,7,recency,all,1,0.99625,0.0125,0,143.54166666666666
stationary,7,recency,pre,1,0.9925,0.025,0,141.41666666666666
stationary,7,recency,post,1,1,0,0,145.66666666666666
stationary,7,frequency,all,1,0.99625,0.0125,0,143.54166666666666
stationary,7,frequency,pre,1,0.9925,0.025,0,141.41666666666666
stationary,7,frequency,post,1,1,0,0,145.66666666666666
stationary,7,scoped,all,1,0.99625,0.0125,0,143.54166666666666
stationary,7,scoped,pre,1,0.9925,0.025,0,141.41666666666666
stationary,7,scoped,post,1,1,0,0,145.66666666666666
stationary,7,gated,all,1,0.99625,0.0125,0,143.54166666666666
stationary,7,gated,pre,1,0.9925,0.025,0,141.41666666666666
stationary,7,gated,post,1,1,0,0,145.66666666666666
stationary,8,none,all,1,0.7,1,0,2
stationary,8,none,pre,1,0.7,1,0,2
stationary,8,none,post,1,0.7,1,0,2
stationary,8,static,all,1,0.99625,0.0125,0,142.325
stationary,8,static,pre,1,0.9925,0.025,0,140.46666666666667
stationary,8,static,post,1,1,0,0,144.18333333333334
stationary,8,recency,all,1,0.99625,0.0125,0,143.44583333333333
stationary,8,recency,pre,1,0.9925,0.025,0,141.08333333333334
stationary,8,recency,post,1,1,0,0,145.80833333333334
stationary,8,frequency,all,1,0.99625,0.0125,0,143.44583333333333
stationary,8,frequency,pre,1,0.9925,0.025,0,141.08333333333334
stationary,8,frequency,post,1,1,0,0,145.80833333333334
stationary,8,scoped,all,1,0.99625,0.0125,0,143.44583333333333
stationary,8,scoped,pre,1,0.9925,0.025,0,141.08333333333334
stationary,8,scoped,post,1,1,0,0,145.80833333333334
stationary,8,gated,all,1,0.99625,0.0125,0,143.44583333333333
stationary,8,gated,pre,1,0.9925,0.025,0,141.08333333333334
stationary,8,gated,post,1,1,0,0,145.80833333333334
stationary,9,none,all,1,0.7,1,0,2
stationary,9,none,pre,1,0.7,1,0,2
stationary,9,none,post,1,0.7,1,0,2
stationary,9,static,all,1,0.99625,0.0125,0,142.58333333333334
stationary,9,static,pre,1,0.9925,0.025,0,140.79166666666666
stationary,9,static,post,1,1,0,0,144.375
stationary,9,recency,all,1,0.99625,0.0125,0,144.02916666666667
stationary,9,recency,pre,1,0.9925,0.025,0,141.68333333333334
stationary,9,recency,post,1,1,0,0,146.375
stationary,9,frequency,all,1,0.99625,0.0125,0,144.02916666666667
stationary,9,frequency,pre,1,0.9925,0.025,0,141.68333333333334
stationary,9,frequency,post,1,1,0,0,146.375
stationary,9,scoped,all,1,0.99625,0.0125,0,144.02916666666667
stationary,9,scoped,pre,1,0.9925,0.025,0,141.68333333333334
stationary,9,scoped,post,1,1,0,0,146.375
stationary,9,gated,all,1,0.99625,0.0125,0,144.02916666666667
stationary,9,gated,pre,1,0.9925,0.025,0,141.68333333333334
stationary,9,gated,post,1,1,0,0,146.375
stationary,10,none,all,1,0.7,1,0,2
stationary,10,none,pre,1,0.7,1,0,2
stationary,10,none,post,1,0.7,1,0,2
stationary,10,static,all,1,0.99625,0.0125,0,142.4875
stationary,10,static,pre,1,0.9925,0.025,0,140.375
stationary,10,static,post,1,1,0,0,144.6
stationary,10,recency,all,1,0.99625,0.0125,0,143.59583333333333
stationary,10,recency,pre,1,0.9925,0.025,0,140.95
stationary,10,recency,post,1,1,0,0,146.24166666666667
stationary,10,frequency,all,1,0.99625,0.0125,0,143.59583333333333
stationary,10,frequency,pre,1,0.9925,0.025,0,140.95
stationary,10,frequency,post,1,1,0,0,146.24166666666667
stationary,10,scoped,all,1,0.99625,0.0125,0,143.59583333333333
stationary,10,scoped,pre,1,0.9925,0.025,0,140.95
stationary,10,scoped,post,1,1,0,0,146.24166666666667
stationary,10,gated,all,1,0.99625,0.0125,0,143.59583333333333
stationary,10,gated,pre,1,0.9925,0.025,0,140.95
stationary,10,gated,post,1,1,0,0,146.24166666666667
stationary,11,none,all,1,0.7,1,0,2
stationary,11,none,pre,1,0.7,1,0,2
stationary,11,none,post,1,0.7,1,0,2
stationary,11,static,all,1,0.99625,0.0125,0,142.85833333333332
stationary,11,static,pre,1,0.9925,0.025,0,140.96666666666667
stationary,11,static,post,1,1,0,0,144.75
stationary,11,recency,all,1,0.99625,0.0125,0,144.0375
stationary,11,recency,pre,1,0.9925,0.025,0,141.64166666666668
stationary,11,recency,post,1,1,0,0,146.43333333333334
stationary,11,frequency,all,1,0.99625,0.0125,0,144.0375
stationary,11,frequency,pre,1,0.9925,0.025,0,141.64166666666668
stationary,11,frequency,post,1,1,0,0,146.43333333333334
stationary,11,scoped,all,1,0.99625,0.0125,0,144.0375
stationary,11,scoped,pre,1,0.9925,0.025,0,141.64166666666668
stationary,11,scoped,post,1,1,0,0,146.43333333333334
stationary,11,gated,all,1,0.99625,0.0125,0,144.0375
stationary,11,gated,pre,1,0.9925,0.025,0,141.64166666666668
stationary,11,gated,post,1,1,0,0,146.43333333333334
stationary,12,none,all,1,0.7,1,0,2
stationary,12,none,pre,1,0.7,1,0,2
stationary,12,none,post,1,0.7,1,0,2
stationary,12,static,all,1,0.99625,0.0125,0,142.87083333333334
stationary,12,static,pre,1,0.9925,0.025,0,141.03333333333333
stationary,12,static,post,1,1,0,0,144.70833333333334
stationary,12,recency,all,1,0.99625,0.0125,0,144.31666666666666
stationary,12,recency,pre,1,0.9925,0.025,0,141.925
stationary,12,recency,post,1,1,0,0,146.70833333333334
stationary,12,frequency,all,1,0.99625,0.0125,0,144.31666666666666
stationary,12,frequency,pre,1,0.9925,0.025,0,141.925
stationary,12,frequency,post,1,1,0,0,146.70833333333334
stationary,12,scoped,all,1,0.99625,0.0125,0,144.31666666666666
stationary,12,scoped,pre,1,0.9925,0.025,0,141.925
stationary,12,scoped,post,1,1,0,0,146.70833333333334
stationary,12,gated,all,1,0.99625,0.0125,0,144.31666666666666
stationary,12,gated,pre,1,0.9925,0.025,0,141.925
stationary,12,gated,post,1,1,0,0,146.70833333333334
stationary,13,none,all,1,0.7,1,0,2
stationary,13,none,pre,1,0.7,1,0,2
stationary,13,none,post,1,0.7,1,0,2
stationary,13,static,all,1,0.99625,0.0125,0,142.5
stationary,13,static,pre,1,0.9925,0.025,0,140.7
stationary,13,static,post,1,1,0,0,144.3
stationary,13,recency,all,1,0.99625,0.0125,0,143.66666666666666
stationary,13,recency,pre,1,0.9925,0.025,0,141.38333333333333
stationary,13,recency,post,1,1,0,0,145.95
stationary,13,frequency,all,1,0.99625,0.0125,0,143.66666666666666
stationary,13,frequency,pre,1,0.9925,0.025,0,141.38333333333333
stationary,13,frequency,post,1,1,0,0,145.95
stationary,13,scoped,all,1,0.99625,0.0125,0,143.66666666666666
stationary,13,scoped,pre,1,0.9925,0.025,0,141.38333333333333
stationary,13,scoped,post,1,1,0,0,145.95
stationary,13,gated,all,1,0.99625,0.0125,0,143.66666666666666
stationary,13,gated,pre,1,0.9925,0.025,0,141.38333333333333
stationary,13,gated,post,1,1,0,0,145.95
stationary,14,none,all,1,0.7,1,0,2
stationary,14,none,pre,1,0.7,1,0,2
stationary,14,none,post,1,0.7,1,0,2
stationary,14,static,all,1,0.99625,0.0125,0,141.76666666666668
stationary,14,static,pre,1,0.9925,0.025,0,140.175
stationary,14,static,post,1,1,0,0,143.35833333333332
stationary,14,recency,all,1,0.99625,0.0125,0,142.875
stationary,14,recency,pre,1,0.9925,0.025,0,140.75
stationary,14,recency,post,1,1,0,0,145
stationary,14,frequency,all,1,0.99625,0.0125,0,142.875
stationary,14,frequency,pre,1,0.9925,0.025,0,140.75
stationary,14,frequency,post,1,1,0,0,145
stationary,14,scoped,all,1,0.99625,0.0125,0,142.875
stationary,14,scoped,pre,1,0.9925,0.025,0,140.75
stationary,14,scoped,post,1,1,0,0,145
stationary,14,gated,all,1,0.99625,0.0125,0,142.875
stationary,14,gated,pre,1,0.9925,0.025,0,140.75
stationary,14,gated,post,1,1,0,0,145
stationary,15,none,all,1,0.7,1,0,2
stationary,15,none,pre,1,0.7,1,0,2
stationary,15,none,post,1,0.7,1,0,2
stationary,15,static,all,1,0.99625,0.0125,0,141.54583333333332
stationary,15,static,pre,1,0.9925,0.025,0,139.44166666666666
stationary,15,static,post,1,1,0,0,143.65
stationary,15,recency,all,1,0.99625,0.0125,0,142.39166666666668
stationary,15,recency,pre,1,0.9925,0.025,0,139.73333333333332
stationary,15,recency,post,1,1,0,0,145.05
stationary,15,frequency,all,1,0.99625,0.0125,0,142.39166666666668
stationary,15,frequency,pre,1,0.9925,0.025,0,139.73333333333332
stationary,15,frequency,post,1,1,0,0,145.05
stationary,15,scoped,all,1,0.99625,0.0125,0,142.39166666666668
stationary,15,scoped,pre,1,0.9925,0.025,0,139.73333333333332
stationary,15,scoped,post,1,1,0,0,145.05
stationary,15,gated,all,1,0.99625,0.0125,0,142.39166666666668
stationary,15,gated,pre,1,0.9925,0.025,0,139.73333333333332
stationary,15,gated,post,1,1,0,0,145.05
stationary,16,none,all,1,0.7,1,0,2
stationary,16,none,pre,1,0.7,1,0,2
stationary,16,none,post,1,0.7,1,0,2
stationary,16,static,all,1,0.99625,0.0125,0,142.64583333333334
stationary,16,static,pre,1,0.9925,0.025,0,140.96666666666667
stationary,16,static,post,1,1,0,0,144.325
stationary,16,recency,all,1,0.99625,0.0125,0,144.09166666666667
stationary,16,recency,pre,1,0.9925,0.025,0,141.85833333333332
stationary,16,recency,post,1,1,0,0,146.325
stationary,16,frequency,all,1,0.99625,0.0125,0,144.09166666666667
stationary,16,frequency,pre,1,0.9925,0.025,0,141.85833333333332
stationary,16,frequency,post,1,1,0,0,146.325
stationary,16,scoped,all,1,0.99625,0.0125,0,144.09166666666667
stationary,16,scoped,pre,1,0.9925,0.025,0,141.85833333333332
stationary,16,scoped,post,1,1,0,0,146.325
stationary,16,gated,all,1,0.99625,0.0125,0,144.09166666666667
stationary,16,gated,pre,1,0.9925,0.025,0,141.85833333333332
stationary,16,gated,post,1,1,0,0,146.325
stationary,17,none,all,1,0.7,1,0,2
stationary,17,none,pre,1,0.7,1,0,2
stationary,17,none,post,1,0.7,1,0,2
stationary,17,static,all,1,0.99625,0.0125,0,143.18333333333334
stationary,17,static,pre,1,0.9925,0.025,0,141.51666666666668
stationary,17,static,post,1,1,0,0,144.85
stationary,17,recency,all,1,0.99625,0.0125,0,144.32916666666668
stationary,17,recency,pre,1,0.9925,0.025,0,142.10833333333332
stationary,17,recency,post,1,1,0,0,146.55
stationary,17,frequency,all,1,0.99625,0.0125,0,144.32916666666668
stationary,17,frequency,pre,1,0.9925,0.025,0,142.10833333333332
stationary,17,frequency,post,1,1,0,0,146.55
stationary,17,scoped,all,1,0.99625,0.0125,0,144.32916666666668
stationary,17,scoped,pre,1,0.9925,0.025,0,142.10833333333332
stationary,17,scoped,post,1,1,0,0,146.55
stationary,17,gated,all,1,0.99625,0.0125,0,144.32916666666668
stationary,17,gated,pre,1,0.9925,0.025,0,142.10833333333332
stationary,17,gated,post,1,1,0,0,146.55
stationary,18,none,all,1,0.7,1,0,2
stationary,18,none,pre,1,0.7,1,0,2
stationary,18,none,post,1,0.7,1,0,2
stationary,18,static,all,1,0.99625,0.0125,0,141.94166666666666
stationary,18,static,pre,1,0.9925,0.025,0,140.08333333333334
stationary,18,static,post,1,1,0,0,143.8
stationary,18,recency,all,1,0.99625,0.0125,0,143.125
stationary,18,recency,pre,1,0.9925,0.025,0,140.76666666666668
stationary,18,recency,post,1,1,0,0,145.48333333333332
stationary,18,frequency,all,1,0.99625,0.0125,0,143.125
stationary,18,frequency,pre,1,0.9925,0.025,0,140.76666666666668
stationary,18,frequency,post,1,1,0,0,145.48333333333332
stationary,18,scoped,all,1,0.99625,0.0125,0,143.125
stationary,18,scoped,pre,1,0.9925,0.025,0,140.76666666666668
stationary,18,scoped,post,1,1,0,0,145.48333333333332
stationary,18,gated,all,1,0.99625,0.0125,0,143.125
stationary,18,gated,pre,1,0.9925,0.025,0,140.76666666666668
stationary,18,gated,post,1,1,0,0,145.48333333333332
stationary,19,none,all,1,0.7,1,0,2
stationary,19,none,pre,1,0.7,1,0,2
stationary,19,none,post,1,0.7,1,0,2
stationary,19,static,all,1,0.99625,0.0125,0,141.26666666666668
stationary,19,static,pre,1,0.9925,0.025,0,139.21666666666667
stationary,19,static,post,1,1,0,0,143.31666666666666
stationary,19,recency,all,1,0.99625,0.0125,0,142.38333333333333
stationary,19,recency,pre,1,0.9925,0.025,0,139.8
stationary,19,recency,post,1,1,0,0,144.96666666666667
stationary,19,frequency,all,1,0.99625,0.0125,0,142.38333333333333
stationary,19,frequency,pre,1,0.9925,0.025,0,139.8
stationary,19,frequency,post,1,1,0,0,144.96666666666667
stationary,19,scoped,all,1,0.99625,0.0125,0,142.38333333333333
stationary,19,scoped,pre,1,0.9925,0.025,0,139.8
stationary,19,scoped,post,1,1,0,0,144.96666666666667
stationary,19,gated,all,1,0.99625,0.0125,0,142.38333333333333
stationary,19,gated,pre,1,0.9925,0.025,0,139.8
stationary,19,gated,post,1,1,0,0,144.96666666666667
drift,0,none,all,1,0.7,1,0,2
drift,0,none,pre,1,0.7,1,0,2
drift,0,none,post,1,0.7,1,0,2
drift,0,static,all,0.5,-0.50375,0.0125,0.5,142.13333333333333
drift,0,static,pre,1,0.9925,0.025,0,140.41666666666666
drift,0,static,post,0,-2,0,1,143.85
drift,0,recency,all,0.9875,0.95875,0.0125,0.0125,214.25833333333333
drift,0,recency,pre,1,0.9925,0.025,0,141.30833333333334
drift,0,recency,post,0.975,0.925,0,0.025,287.2083333333333
drift,0,frequency,all,0.5333333333333333,-0.40375,0.0125,0.4666666666666667,214.25833333333333
drift,0,frequency,pre,1,0.9925,0.025,0,141.30833333333334
drift,0,frequency,post,0.06666666666666667,-1.8,0,0.9333333333333333,287.2083333333333
drift,0,scoped,all,1,0.9925,0.025,0,141.35833333333332
drift,0,scoped,pre,1,0.9925,0.025,0,141.30833333333334
drift,0,scoped,post,1,0.9925,0.025,0,141.40833333333333
drift,0,gated,all,1,0.9925,0.025,0,141.35833333333332
drift,0,gated,pre,1,0.9925,0.025,0,141.30833333333334
drift,0,gated,post,1,0.9925,0.025,0,141.40833333333333
drift,1,none,all,1,0.7,1,0,2
drift,1,none,pre,1,0.7,1,0,2
drift,1,none,post,1,0.7,1,0,2
drift,1,static,all,0.5,-0.50375,0.0125,0.5,142.03333333333333
drift,1,static,pre,1,0.9925,0.025,0,140.225
drift,1,static,post,0,-2,0,1,143.84166666666667
drift,1,recency,all,0.9875,0.95875,0.0125,0.0125,214.29166666666666
drift,1,recency,pre,1,0.9925,0.025,0,140.875
drift,1,recency,post,0.975,0.925,0,0.025,287.7083333333333
drift,1,frequency,all,0.5083333333333333,-0.47875,0.0125,0.49166666666666664,214.29166666666666
drift,1,frequency,pre,1,0.9925,0.025,0,140.875
drift,1,frequency,post,0.016666666666666666,-1.95,0,0.9833333333333333,287.7083333333333
drift,1,scoped,all,1,0.9925,0.025,0,141.5625
drift,1,scoped,pre,1,0.9925,0.025,0,140.875
drift,1,scoped,post,1,0.9925,0.025,0,142.25
drift,1,gated,all,1,0.9925,0.025,0,141.5625
drift,1,gated,pre,1,0.9925,0.025,0,140.875
drift,1,gated,post,1,0.9925,0.025,0,142.25
drift,2,none,all,1,0.7,1,0,2
drift,2,none,pre,1,0.7,1,0,2
drift,2,none,post,1,0.7,1,0,2
drift,2,static,all,0.5,-0.50375,0.0125,0.5,141.30833333333334
drift,2,static,pre,1,0.9925,0.025,0,139.94166666666666
drift,2,static,post,0,-2,0,1,142.675
drift,2,recency,all,0.9875,0.95875,0.0125,0.0125,213.65833333333333
drift,2,recency,pre,1,0.9925,0.025,0,140.49166666666667
drift,2,recency,post,0.975,0.925,0,0.025,286.825
drift,2,frequency,all,0.6041666666666666,-0.19125,0.0125,0.3958333333333333,213.65833333333333
drift,2,frequency,pre,1,0.9925,0.025,0,140.49166666666667
drift,2,frequency,post,0.20833333333333334,-1.375,0,0.7916666666666666,286.825
drift,2,scoped,all,1,0.9925,0.025,0,141.50416666666666
drift,2,scoped,pre,1,0.9925,0.025,0,140.49166666666667
drift,2,scoped,post,1,0.9925,0.025,0,142.51666666666668
drift,2,gated,all,1,0.9925,0.025,0,141.50416666666666
drift,2,gated,pre,1,0.9925,0.025,0,140.49166666666667
drift,2,gated,post,1,0.9925,0.025,0,142.51666666666668
drift,3,none,all,1,0.7,1,0,2
drift,3,none,pre,1,0.7,1,0,2
drift,3,none,post,1,0.7,1,0,2
drift,3,static,all,0.5,-0.50375,0.0125,0.5,142.225
drift,3,static,pre,1,0.9925,0.025,0,140.275
drift,3,static,post,0,-2,0,1,144.175
drift,3,recency,all,0.9875,0.95875,0.0125,0.0125,214.55
drift,3,recency,pre,1,0.9925,0.025,0,140.875
drift,3,recency,post,0.975,0.925,0,0.025,288.225
drift,3,frequency,all,0.5333333333333333,-0.40375,0.0125,0.4666666666666667,214.55
drift,3,frequency,pre,1,0.9925,0.025,0,140.875
drift,3,frequency,post,0.06666666666666667,-1.8,0,0.9333333333333333,288.225
drift,3,scoped,all,1,0.9925,0.025,0,141.675
drift,3,scoped,pre,1,0.9925,0.025,0,140.875
drift,3,scoped,post,1,0.9925,0.025,0,142.475
drift,3,gated,all,1,0.9925,0.025,0,141.675
drift,3,gated,pre,1,0.9925,0.025,0,140.875
drift,3,gated,post,1,0.9925,0.025,0,142.475
drift,4,none,all,1,0.7,1,0,2
drift,4,none,pre,1,0.7,1,0,2
drift,4,none,post,1,0.7,1,0,2
drift,4,static,all,0.5,-0.50375,0.0125,0.5,141.76666666666668
drift,4,static,pre,1,0.9925,0.025,0,139.96666666666667
drift,4,static,post,0,-2,0,1,143.56666666666666
drift,4,recency,all,0.9875,0.95875,0.0125,0.0125,213.80833333333334
drift,4,recency,pre,1,0.9925,0.025,0,140.60833333333332
drift,4,recency,post,0.975,0.925,0,0.025,287.0083333333333
drift,4,frequency,all,0.5125,-0.46625,0.0125,0.4875,213.80833333333334
drift,4,frequency,pre,1,0.9925,0.025,0,140.60833333333332
drift,4,frequency,post,0.025,-1.925,0,0.975,287.0083333333333
drift,4,scoped,all,1,0.9925,0.025,0,141.22916666666666
drift,4,scoped,pre,1,0.9925,0.025,0,140.60833333333332
drift,4,scoped,post,1,0.9925,0.025,0,141.85
drift,4,gated,all,1,0.9925,0.025,0,141.22916666666666
drift,4,gated,pre,1,0.9925,0.025,0,140.60833333333332
drift,4,gated,post,1,0.9925,0.025,0,141.85
drift,5,none,all,1,0.7,1,0,2
drift,5,none,pre,1,0.7,1,0,2
drift,5,none,post,1,0.7,1,0,2
drift,5,static,all,0.5,-0.50375,0.0125,0.5,142.5
drift,5,static,pre,1,0.9925,0.025,0,140.5
drift,5,static,post,0,-2,0,1,144.5
drift,5,recency,all,0.9875,0.95875,0.0125,0.0125,214.52916666666667
drift,5,recency,pre,1,0.9925,0.025,0,141.08333333333334
drift,5,recency,post,0.975,0.925,0,0.025,287.975
drift,5,frequency,all,0.5708333333333333,-0.29125,0.0125,0.42916666666666664,214.52916666666667
drift,5,frequency,pre,1,0.9925,0.025,0,141.08333333333334
drift,5,frequency,post,0.14166666666666666,-1.575,0,0.8583333333333333,287.975
drift,5,scoped,all,1,0.9925,0.025,0,141.42916666666667
drift,5,scoped,pre,1,0.9925,0.025,0,141.08333333333334
drift,5,scoped,post,1,0.9925,0.025,0,141.775
drift,5,gated,all,1,0.9925,0.025,0,141.42916666666667
drift,5,gated,pre,1,0.9925,0.025,0,141.08333333333334
drift,5,gated,post,1,0.9925,0.025,0,141.775
drift,6,none,all,1,0.7,1,0,2
drift,6,none,pre,1,0.7,1,0,2
drift,6,none,post,1,0.7,1,0,2
drift,6,static,all,0.5,-0.50375,0.0125,0.5,142.78333333333333
drift,6,static,pre,1,0.9925,0.025,0,140.95833333333334
drift,6,static,post,0,-2,0,1,144.60833333333332
drift,6,recency,all,0.9875,0.95875,0.0125,0.0125,214.675
drift,6,recency,pre,1,0.9925,0.025,0,141.54166666666666
drift,6,recency,post,0.975,0.925,0,0.025,287.80833333333334
drift,6,frequency,all,0.5333333333333333,-0.40375,0.0125,0.4666666666666667,214.675
drift,6,frequency,pre,1,0.9925,0.025,0,141.54166666666666
drift,6,frequency,post,0.06666666666666667,-1.8,0,0.9333333333333333,287.80833333333334
drift,6,scoped,all,1,0.9925,0.025,0,141.56666666666666
drift,6,scoped,pre,1,0.9925,0.025,0,141.54166666666666
drift,6,scoped,post,1,0.9925,0.025,0,141.59166666666667
drift,6,gated,all,1,0.9925,0.025,0,141.56666666666666
drift,6,gated,pre,1,0.9925,0.025,0,141.54166666666666
drift,6,gated,post,1,0.9925,0.025,0,141.59166666666667
drift,7,none,all,1,0.7,1,0,2
drift,7,none,pre,1,0.7,1,0,2
drift,7,none,post,1,0.7,1,0,2
drift,7,static,all,0.5,-0.50375,0.0125,0.5,142.40833333333333
drift,7,static,pre,1,0.9925,0.025,0,140.78333333333333
drift,7,static,post,0,-2,0,1,144.03333333333333
drift,7,recency,all,0.9875,0.95875,0.0125,0.0125,214.19583333333333
drift,7,recency,pre,1,0.9925,0.025,0,141.41666666666666
drift,7,recency,post,0.975,0.925,0,0.025,286.975
drift,7,frequency,all,0.5583333333333333,-0.32875,0.0125,0.44166666666666665,214.19583333333333
drift,7,frequency,pre,1,0.9925,0.025,0,141.41666666666666
drift,7,frequency,post,0.11666666666666667,-1.65,0,0.8833333333333333,286.975
drift,7,scoped,all,1,0.9925,0.025,0,141.3875
drift,7,scoped,pre,1,0.9925,0.025,0,141.41666666666666
drift,7,scoped,post,1,0.9925,0.025,0,141.35833333333332
drift,7,gated,all,1,0.9925,0.025,0,141.3875
drift,7,gated,pre,1,0.9925,0.025,0,141.41666666666666
drift,7,gated,post,1,0.9925,0.025,0,141.35833333333332
drift,8,none,all,1,0.7,1,0,2
drift,8,none,pre,1,0.7,1,0,2
drift,8,none,post,1,0.7,1,0,2
drift,8,static,all,0.5,-0.50375,0.0125,0.5,142.325
drift,8,static,pre,1,0.9925,0.025,0,140.46666666666667
drift,8,static,post,0,-2,0,1,144.18333333333334
drift,8,recency,all,0.9875,0.95875,0.0125,0.0125,214.17083333333332
drift,8,recency,pre,1,0.9925,0.025,0,141.08333333333334
drift,8,recency,post,0.975,0.925,0,0.025,287.2583333333333
drift,8,frequency,all,0.525,-0.42875,0.0125,0.475,214.17083333333332
drift,8,frequency,pre,1,0.9925,0.025,0,141.08333333333334
drift,8,frequency,post,0.05,-1.85,0,0.95,287.2583333333333
drift,8,scoped,all,1,0.9925,0.025,0,141.29166666666666
drift,8,scoped,pre,1,0.9925,0.025,0,141.08333333333334
drift,8,scoped,post,1,0.9925,0.025,0,141.5
drift,8,gated,all,1,0.9925,0.025,0,141.29166666666666
drift,8,gated,pre,1,0.9925,0.025,0,141.08333333333334
drift,8,gated,post,1,0.9925,0.025,0,141.5
drift,9,none,all,1,0.7,1,0,2
drift,9,none,pre,1,0.7,1,0,2
drift,9,none,post,1,0.7,1,0,2
drift,9,static,all,0.5,-0.50375,0.0125,0.5,142.58333333333334
drift,9,static,pre,1,0.9925,0.025,0,140.79166666666666
drift,9,static,post,0,-2,0,1,144.375
drift,9,recency,all,0.9875,0.95875,0.0125,0.0125,214.29583333333332
drift,9,recency,pre,1,0.9925,0.025,0,141.68333333333334
drift,9,recency,post,0.975,0.925,0,0.025,286.90833333333336
drift,9,frequency,all,0.5583333333333333,-0.32875,0.0125,0.44166666666666665,214.29583333333332
drift,9,frequency,pre,1,0.9925,0.025,0,141.68333333333334
drift,9,frequency,post,0.11666666666666667,-1.65,0,0.8833333333333333,286.90833333333336
drift,9,scoped,all,1,0.9925,0.025,0,141.13333333333333
drift,9,scoped,pre,1,0.9925,0.025,0,141.68333333333334
drift,9,scoped,post,1,0.9925,0.025,0,140.58333333333334
drift,9,gated,all,1,0.9925,0.025,0,141.13333333333333
drift,9,gated,pre,1,0.9925,0.025,0,141.68333333333334
drift,9,gated,post,1,0.9925,0.025,0,140.58333333333334
drift,10,none,all,1,0.7,1,0,2
drift,10,none,pre,1,0.7,1,0,2
drift,10,none,post,1,0.7,1,0,2
drift,10,static,all,0.5,-0.50375,0.0125,0.5,142.4875
drift,10,static,pre,1,0.9925,0.025,0,140.375
drift,10,static,post,0,-2,0,1,144.6
drift,10,recency,all,0.9875,0.95875,0.0125,0.0125,214.37083333333334
drift,10,recency,pre,1,0.9925,0.025,0,140.95
drift,10,recency,post,0.975,0.925,0,0.025,287.7916666666667
drift,10,frequency,all,0.5541666666666667,-0.34125,0.0125,0.44583333333333336,214.37083333333334
drift,10,frequency,pre,1,0.9925,0.025,0,140.95
drift,10,frequency,post,0.10833333333333334,-1.675,0,0.8916666666666667,287.7916666666667
drift,10,scoped,all,1,0.9925,0.025,0,141.275
drift,10,scoped,pre,1,0.9925,0.025,0,140.95
drift,10,scoped,post,1,0.9925,0.025,0,141.6
drift,10,gated,all,1,0.9925,0.025,0,141.275
drift,10,gated,pre,1,0.9925,0.025,0,140.95
drift,10,gated,post,1,0.9925,0.025,0,141.6
drift,11,none,all,1,0.7,1,0,2
drift,11,none,pre,1,0.7,1,0,2
drift,11,none,post,1,0.7,1,0,2
drift,11,static,all,0.5,-0.50375,0.0125,0.5,142.85833333333332
drift,11,static,pre,1,0.9925,0.025,0,140.96666666666667
drift,11,static,post,0,-2,0,1,144.75
drift,11,recency,all,0.9875,0.95875,0.0125,0.0125,214.33333333333334
drift,11,recency,pre,1,0.9925,0.025,0,141.64166666666668
drift,11,recency,post,0.975,0.925,0,0.025,287.025
drift,11,frequency,all,0.5083333333333333,-0.47875,0.0125,0.49166666666666664,214.33333333333334
drift,11,frequency,pre,1,0.9925,0.025,0,141.64166666666668
drift,11,frequency,post,0.016666666666666666,-1.95,0,0.9833333333333333,287.025
drift,11,scoped,all,1,0.9925,0.025,0,141.14166666666668
drift,11,scoped,pre,1,0.9925,0.025,0,141.64166666666668
drift,11,scoped,post,1,0.9925,0.025,0,140.64166666666668
drift,11,gated,all,1,0.9925,0.025,0,141.14166666666668
drift,11,gated,pre,1,0.9925,0.025,0,141.64166666666668
drift,11,gated,post,1,0.9925,0.025,0,140.64166666666668
drift,12,none,all,1,0.7,1,0,2
drift,12,none,pre,1,0.7,1,0,2
drift,12,none,post,1,0.7,1,0,2
drift,12,static,all,0.5,-0.50375,0.0125,0.5,142.87083333333334
drift,12,static,pre,1,0.9925,0.025,0,141.03333333333333
drift,12,static,post,0,-2,0,1,144.70833333333334
drift,12,recency,all,0.9875,0.95875,0.0125,0.0125,214.75
drift,12,recency,pre,1,0.9925,0.025,0,141.925
drift,12,recency,post,0.975,0.925,0,0.025,287.575
drift,12,frequency,all,0.5041666666666667,-0.49125,0.0125,0.49583333333333335,214.75
drift,12,frequency,pre,1,0.9925,0.025,0,141.925
drift,12,frequency,post,0.008333333333333333,-1.975,0,0.9916666666666667,287.575
drift,12,scoped,all,1,0.9925,0.025,0,141.42083333333332
drift,12,scoped,pre,1,0.9925,0.025,0,141.925
drift,12,scoped,post,1,0.9925,0.025,0,140.91666666666666
drift,12,gated,all,1,0.9925,0.025,0,141.42083333333332
drift,12,gated,pre,1,0.9925,0.025,0,141.925
drift,12,gated,post,1,0.9925,0.025,0,140.91666666666666
drift,13,none,all,1,0.7,1,0,2
drift,13,none,pre,1,0.7,1,0,2
drift,13,none,post,1,0.7,1,0,2
drift,13,static,all,0.5,-0.50375,0.0125,0.5,142.5
drift,13,static,pre,1,0.9925,0.025,0,140.7
drift,13,static,post,0,-2,0,1,144.3
drift,13,recency,all,0.9875,0.95875,0.0125,0.0125,214.29583333333332
drift,13,recency,pre,1,0.9925,0.025,0,141.38333333333333
drift,13,recency,post,0.975,0.925,0,0.025,287.2083333333333
drift,13,frequency,all,0.5416666666666666,-0.37875,0.0125,0.4583333333333333,214.29583333333332
drift,13,frequency,pre,1,0.9925,0.025,0,141.38333333333333
drift,13,frequency,post,0.08333333333333333,-1.75,0,0.9166666666666666,287.2083333333333
drift,13,scoped,all,1,0.9925,0.025,0,141.34583333333333
drift,13,scoped,pre,1,0.9925,0.025,0,141.38333333333333
drift,13,scoped,post,1,0.9925,0.025,0,141.30833333333334
drift,13,gated,all,1,0.9925,0.025,0,141.34583333333333
drift,13,gated,pre,1,0.9925,0.025,0,141.38333333333333
drift,13,gated,post,1,0.9925,0.025,0,141.30833333333334
drift,14,none,all,1,0.7,1,0,2
drift,14,none,pre,1,0.7,1,0,2
drift,14,none,post,1,0.7,1,0,2
drift,14,static,all,0.5,-0.50375,0.0125,0.5,141.76666666666668
drift,14,static,pre,1,0.9925,0.025,0,140.175
drift,14,static,post,0,-2,0,1,143.35833333333332
drift,14,recency,all,0.9875,0.95875,0.0125,0.0125,213.8875
drift,14,recency,pre,1,0.9925,0.025,0,140.75
drift,14,recency,post,0.975,0.925,0,0.025,287.025
drift,14,frequency,all,0.5458333333333333,-0.36625,0.0125,0.45416666666666666,213.8875
drift,14,frequency,pre,1,0.9925,0.025,0,140.75
drift,14,frequency,post,0.09166666666666666,-1.725,0,0.9083333333333333,287.025
drift,14,scoped,all,1,0.9925,0.025,0,141.4125
drift,14,scoped,pre,1,0.9925,0.025,0,140.75
drift,14,scoped,post,1,0.9925,0.025,0,142.075
drift,14,gated,all,1,0.9925,0.025,0,141.4125
drift,14,gated,pre,1,0.9925,0.025,0,140.75
drift,14,gated,post,1,0.9925,0.025,0,142.075
drift,15,none,all,1,0.7,1,0,2
drift,15,none,pre,1,0.7,1,0,2
drift,15,none,post,1,0.7,1,0,2
drift,15,static,all,0.5,-0.50375,0.0125,0.5,141.54583333333332
drift,15,static,pre,1,0.9925,0.025,0,139.44166666666666
drift,15,static,post,0,-2,0,1,143.65
drift,15,recency,all,0.9875,0.95875,0.0125,0.0125,213.97083333333333
drift,15,recency,pre,1,0.9925,0.025,0,139.73333333333332
drift,15,recency,post,0.975,0.925,0,0.025,288.2083333333333
drift,15,frequency,all,0.5833333333333334,-0.25375,0.0125,0.4166666666666667,213.97083333333333
drift,15,frequency,pre,1,0.9925,0.025,0,139.73333333333332
drift,15,frequency,post,0.16666666666666666,-1.5,0,0.8333333333333334,288.2083333333333
drift,15,scoped,all,1,0.9925,0.025,0,141.47083333333333
drift,15,scoped,pre,1,0.9925,0.025,0,139.73333333333332
drift,15,scoped,post,1,0.9925,0.025,0,143.20833333333334
drift,15,gated,all,1,0.9925,0.025,0,141.47083333333333
drift,15,gated,pre,1,0.9925,0.025,0,139.73333333333332
drift,15,gated,post,1,0.9925,0.025,0,143.20833333333334
drift,16,none,all,1,0.7,1,0,2
drift,16,none,pre,1,0.7,1,0,2
drift,16,none,post,1,0.7,1,0,2
drift,16,static,all,0.5,-0.50375,0.0125,0.5,142.64583333333334
drift,16,static,pre,1,0.9925,0.025,0,140.96666666666667
drift,16,static,post,0,-2,0,1,144.325
drift,16,recency,all,0.9875,0.95875,0.0125,0.0125,214.33333333333334
drift,16,recency,pre,1,0.9925,0.025,0,141.85833333333332
drift,16,recency,post,0.975,0.925,0,0.025,286.80833333333334
drift,16,frequency,all,0.5291666666666667,-0.41625,0.0125,0.4708333333333333,214.33333333333334
drift,16,frequency,pre,1,0.9925,0.025,0,141.85833333333332
drift,16,frequency,post,0.058333333333333334,-1.825,0,0.9416666666666667,286.80833333333334
drift,16,scoped,all,1,0.9925,0.025,0,141.19583333333333
drift,16,scoped,pre,1,0.9925,0.025,0,141.85833333333332
drift,16,scoped,post,1,0.9925,0.025,0,140.53333333333333
drift,16,gated,all,1,0.9925,0.025,0,141.19583333333333
drift,16,gated,pre,1,0.9925,0.025,0,141.85833333333332
drift,16,gated,post,1,0.9925,0.025,0,140.53333333333333
drift,17,none,all,1,0.7,1,0,2
drift,17,none,pre,1,0.7,1,0,2
drift,17,none,post,1,0.7,1,0,2
drift,17,static,all,0.5,-0.50375,0.0125,0.5,143.18333333333334
drift,17,static,pre,1,0.9925,0.025,0,141.51666666666668
drift,17,static,post,0,-2,0,1,144.85
drift,17,recency,all,0.9875,0.95875,0.0125,0.0125,214.68333333333334
drift,17,recency,pre,1,0.9925,0.025,0,142.10833333333332
drift,17,recency,post,0.975,0.925,0,0.025,287.2583333333333
drift,17,frequency,all,0.5416666666666666,-0.37875,0.0125,0.4583333333333333,214.68333333333334
drift,17,frequency,pre,1,0.9925,0.025,0,142.10833333333332
drift,17,frequency,post,0.08333333333333333,-1.75,0,0.9166666666666666,287.2583333333333
drift,17,scoped,all,1,0.9925,0.025,0,141.43333333333334
drift,17,scoped,pre,1,0.9925,0.025,0,142.10833333333332
drift,17,scoped,post,1,0.9925,0.025,0,140.75833333333333
drift,17,gated,all,1,0.9925,0.025,0,141.43333333333334
drift,17,gated,pre,1,0.9925,0.025,0,142.10833333333332
drift,17,gated,post,1,0.9925,0.025,0,140.75833333333333
drift,18,none,all,1,0.7,1,0,2
drift,18,none,pre,1,0.7,1,0,2
drift,18,none,post,1,0.7,1,0,2
drift,18,static,all,0.5,-0.50375,0.0125,0.5,141.94166666666666
drift,18,static,pre,1,0.9925,0.025,0,140.08333333333334
drift,18,static,post,0,-2,0,1,143.8
drift,18,recency,all,0.9875,0.95875,0.0125,0.0125,214.2125
drift,18,recency,pre,1,0.9925,0.025,0,140.76666666666668
drift,18,recency,post,0.975,0.925,0,0.025,287.65833333333336
drift,18,frequency,all,0.5208333333333334,-0.44125,0.0125,0.4791666666666667,214.2125
drift,18,frequency,pre,1,0.9925,0.025,0,140.76666666666668
drift,18,frequency,post,0.041666666666666664,-1.875,0,0.9583333333333334,287.65833333333336
drift,18,scoped,all,1,0.9925,0.025,0,141.49583333333334
drift,18,scoped,pre,1,0.9925,0.025,0,140.76666666666668
drift,18,scoped,post,1,0.9925,0.025,0,142.225
drift,18,gated,all,1,0.9925,0.025,0,141.49583333333334
drift,18,gated,pre,1,0.9925,0.025,0,140.76666666666668
drift,18,gated,post,1,0.9925,0.025,0,142.225
drift,19,none,all,1,0.7,1,0,2
drift,19,none,pre,1,0.7,1,0,2
drift,19,none,post,1,0.7,1,0,2
drift,19,static,all,0.5,-0.50375,0.0125,0.5,141.26666666666668
drift,19,static,pre,1,0.9925,0.025,0,139.21666666666667
drift,19,static,post,0,-2,0,1,143.31666666666666
drift,19,recency,all,0.9875,0.95875,0.0125,0.0125,213.92083333333332
drift,19,recency,pre,1,0.9925,0.025,0,139.8
drift,19,recency,post,0.975,0.925,0,0.025,288.0416666666667
drift,19,frequency,all,0.5583333333333333,-0.32875,0.0125,0.44166666666666665,213.92083333333332
drift,19,frequency,pre,1,0.9925,0.025,0,139.8
drift,19,frequency,post,0.11666666666666667,-1.65,0,0.8833333333333333,288.0416666666667
drift,19,scoped,all,1,0.9925,0.025,0,141.4625
drift,19,scoped,pre,1,0.9925,0.025,0,139.8
drift,19,scoped,post,1,0.9925,0.025,0,143.125
drift,19,gated,all,1,0.9925,0.025,0,141.4625
drift,19,gated,pre,1,0.9925,0.025,0,139.8
drift,19,gated,post,1,0.9925,0.025,0,143.125
mixed_scope,0,none,all,1,0.7,1,0,2
mixed_scope,0,none,pre,1,0.7,1,0,2
mixed_scope,0,none,post,1,0.7,1,0,2
mixed_scope,0,static,all,0.4708333333333333,-0.59125,0.0125,0.5291666666666667,280.9625
mixed_scope,0,static,pre,0.525,-0.4325,0.025,0.475,274.425
mixed_scope,0,static,post,0.4166666666666667,-0.75,0,0.5833333333333334,287.5
mixed_scope,0,recency,all,0.5,-0.50375,0.0125,0.5,420.275
mixed_scope,0,recency,pre,0.5333333333333333,-0.4075,0.025,0.4666666666666667,275.725
mixed_scope,0,recency,post,0.4666666666666667,-0.6,0,0.5333333333333333,564.825
mixed_scope,0,frequency,all,0.44166666666666665,-0.67875,0.0125,0.5583333333333333,420.275
mixed_scope,0,frequency,pre,0.48333333333333334,-0.5575,0.025,0.5166666666666667,275.725
mixed_scope,0,frequency,post,0.4,-0.8,0,0.6,564.825
mixed_scope,0,scoped,all,1,0.985,0.05,0,137.88333333333333
mixed_scope,0,scoped,pre,1,0.985,0.05,0,137.40833333333333
mixed_scope,0,scoped,post,1,0.985,0.05,0,138.35833333333332
mixed_scope,0,gated,all,1,0.985,0.05,0,137.88333333333333
mixed_scope,0,gated,pre,1,0.985,0.05,0,137.40833333333333
mixed_scope,0,gated,post,1,0.985,0.05,0,138.35833333333332
mixed_scope,1,none,all,1,0.7,1,0,2
mixed_scope,1,none,pre,1,0.7,1,0,2
mixed_scope,1,none,post,1,0.7,1,0,2
mixed_scope,1,static,all,0.5208333333333334,-0.44125,0.0125,0.4791666666666667,281.43333333333334
mixed_scope,1,static,pre,0.6,-0.2075,0.025,0.4,276.53333333333336
mixed_scope,1,static,post,0.44166666666666665,-0.675,0,0.5583333333333333,286.3333333333333
mixed_scope,1,recency,all,0.5041666666666667,-0.49125,0.0125,0.49583333333333335,421.8041666666667
mixed_scope,1,recency,pre,0.5,-0.5075,0.025,0.5,277.975
mixed_scope,1,recency,post,0.5083333333333333,-0.475,0,0.49166666666666664,565.6333333333333
mixed_scope,1,frequency,all,0.5208333333333334,-0.44125,0.0125,0.4791666666666667,421.8041666666667
mixed_scope,1,frequency,pre,0.5916666666666667,-0.2325,0.025,0.4083333333333333,277.975
mixed_scope,1,frequency,post,0.45,-0.65,0,0.55,565.6333333333333
mixed_scope,1,scoped,all,1,0.985,0.05,0,137.69583333333333
mixed_scope,1,scoped,pre,1,0.985,0.05,0,137.19166666666666
mixed_scope,1,scoped,post,1,0.985,0.05,0,138.2
mixed_scope,1,gated,all,1,0.985,0.05,0,137.69583333333333
mixed_scope,1,gated,pre,1,0.985,0.05,0,137.19166666666666
mixed_scope,1,gated,post,1,0.985,0.05,0,138.2
mixed_scope,2,none,all,1,0.7,1,0,2
mixed_scope,2,none,pre,1,0.7,1,0,2
mixed_scope,2,none,post,1,0.7,1,0,2
mixed_scope,2,static,all,0.42916666666666664,-0.71625,0.0125,0.5708333333333333,280.90833333333336
mixed_scope,2,static,pre,0.4166666666666667,-0.7575,0.025,0.5833333333333334,274.2
mixed_scope,2,static,post,0.44166666666666665,-0.675,0,0.5583333333333333,287.6166666666667
mixed_scope,2,recency,all,0.5375,-0.39125,0.0125,0.4625,421.5083333333333
mixed_scope,2,recency,pre,0.6,-0.2075,0.025,0.4,275.45
mixed_scope,2,recency,post,0.475,-0.575,0,0.525,567.5666666666667
mixed_scope,2,frequency,all,0.5541666666666667,-0.34125,0.0125,0.44583333333333336,421.5083333333333
mixed_scope,2,frequency,pre,0.55,-0.3575,0.025,0.45,275.45
mixed_scope,2,frequency,post,0.5583333333333333,-0.325,0,0.44166666666666665,567.5666666666667
mixed_scope,2,scoped,all,1,0.985,0.05,0,137.8
mixed_scope,2,scoped,pre,1,0.985,0.05,0,137.00833333333333
mixed_scope,2,scoped,post,1,0.985,0.05,0,138.59166666666667
mixed_scope,2,gated,all,1,0.985,0.05,0,137.8
mixed_scope,2,gated,pre,1,0.985,0.05,0,137.00833333333333
mixed_scope,2,gated,post,1,0.985,0.05,0,138.59166666666667
mixed_scope,3,none,all,1,0.7,1,0,2
mixed_scope,3,none,pre,1,0.7,1,0,2
mixed_scope,3,none,post,1,0.7,1,0,2
mixed_scope,3,static,all,0.5416666666666666,-0.37875,0.0125,0.4583333333333333,280.74583333333334
mixed_scope,3,static,pre,0.5833333333333334,-0.2575,0.025,0.4166666666666667,274.55833333333334
mixed_scope,3,static,post,0.5,-0.5,0,0.5,286.93333333333334
mixed_scope,3,recency,all,0.5,-0.50375,0.0125,0.5,421.51666666666665
mixed_scope,3,recency,pre,0.49166666666666664,-0.5325,0.025,0.5083333333333333,275.725
mixed_scope,3,recency,post,0.5083333333333333,-0.475,0,0.49166666666666664,567.3083333333333
mixed_scope,3,frequency,all,0.5208333333333334,-0.44125,0.0125,0.4791666666666667,421.51666666666665
mixed_scope,3,frequency,pre,0.5333333333333333,-0.4075,0.025,0.4666666666666667,275.725
mixed_scope,3,frequency,post,0.5083333333333333,-0.475,0,0.49166666666666664,567.3083333333333
mixed_scope,3,scoped,all,1,0.985,0.05,0,137.78333333333333
mixed_scope,3,scoped,pre,1,0.985,0.05,0,137.25
mixed_scope,3,scoped,post,1,0.985,0.05,0,138.31666666666666
mixed_scope,3,gated,all,1,0.985,0.05,0,137.78333333333333
mixed_scope,3,gated,pre,1,0.985,0.05,0,137.25
mixed_scope,3,gated,post,1,0.985,0.05,0,138.31666666666666
mixed_scope,4,none,all,1,0.7,1,0,2
mixed_scope,4,none,pre,1,0.7,1,0,2
mixed_scope,4,none,post,1,0.7,1,0,2
mixed_scope,4,static,all,0.5041666666666667,-0.49125,0.0125,0.49583333333333335,279.1791666666667
mixed_scope,4,static,pre,0.5666666666666667,-0.3075,0.025,0.43333333333333335,271.05833333333334
mixed_scope,4,static,post,0.44166666666666665,-0.675,0,0.5583333333333333,287.3
mixed_scope,4,recency,all,0.5,-0.50375,0.0125,0.5,421.8333333333333
mixed_scope,4,recency,pre,0.5333333333333333,-0.4075,0.025,0.4666666666666667,272.39166666666665
mixed_scope,4,recency,post,0.4666666666666667,-0.6,0,0.5333333333333333,571.275
mixed_scope,4,frequency,all,0.4791666666666667,-0.56625,0.0125,0.5208333333333334,421.8333333333333
mixed_scope,4,frequency,pre,0.5083333333333333,-0.4825,0.025,0.49166666666666664,272.39166666666665
mixed_scope,4,frequency,post,0.45,-0.65,0,0.55,571.275
mixed_scope,4,scoped,all,1,0.985,0.05,0,137.7875
mixed_scope,4,scoped,pre,1,0.985,0.05,0,137.05833333333334
mixed_scope,4,scoped,post,1,0.985,0.05,0,138.51666666666668
mixed_scope,4,gated,all,1,0.985,0.05,0,137.7875
mixed_scope,4,gated,pre,1,0.985,0.05,0,137.05833333333334
mixed_scope,4,gated,post,1,0.985,0.05,0,138.51666666666668
mixed_scope,5,none,all,1,0.7,1,0,2
mixed_scope,5,none,pre,1,0.7,1,0,2
mixed_scope,5,none,post,1,0.7,1,0,2
mixed_scope,5,static,all,0.5333333333333333,-0.40375,0.0125,0.4666666666666667,279.55833333333334
mixed_scope,5,static,pre,0.5583333333333333,-0.3325,0.025,0.44166666666666665,272.25
mixed_scope,5,static,post,0.5083333333333333,-0.475,0,0.49166666666666664,286.8666666666667
mixed_scope,5,recency,all,0.5083333333333333,-0.47875,0.0125,0.49166666666666664,421.85833333333335
mixed_scope,5,recency,pre,0.48333333333333334,-0.5575,0.025,0.5166666666666667,274.05833333333334
mixed_scope,5,recency,post,0.5333333333333333,-0.4,0,0.4666666666666667,569.6583333333333
mixed_scope,5,frequency,all,0.55,-0.35375,0.0125,0.45,421.85833333333335
mixed_scope,5,frequency,pre,0.525,-0.4325,0.025,0.475,274.05833333333334
mixed_scope,5,frequency,post,0.575,-0.275,0,0.425,569.6583333333333
mixed_scope,5,scoped,all,1,0.985,0.05,0,137.76666666666668
mixed_scope,5,scoped,pre,1,0.985,0.05,0,136.95
mixed_scope,5,scoped,post,1,0.985,0.05,0,138.58333333333334
mixed_scope,5,gated,all,1,0.985,0.05,0,137.76666666666668
mixed_scope,5,gated,pre,1,0.985,0.05,0,136.95
mixed_scope,5,gated,post,1,0.985,0.05,0,138.58333333333334
mixed_scope,6,none,all,1,0.7,1,0,2
mixed_scope,6,none,pre,1,0.7,1,0,2
mixed_scope,6,none,post,1,0.7,1,0,2
mixed_scope,6,static,all,0.525,-0.42875,0.0125,0.475,281.68333333333334
mixed_scope,6,static,pre,0.5083333333333333,-0.4825,0.025,0.49166666666666664,276.4916666666667
mixed_scope,6,static,post,0.5416666666666666,-0.375,0,0.4583333333333333,286.875
mixed_scope,6,recency,all,0.5333333333333333,-0.40375,0.0125,0.4666666666666667,421.51666666666665
mixed_scope,6,recency,pre,0.5416666666666666,-0.3825,0.025,0.4583333333333333,277.95
mixed_scope,6,recency,post,0.525,-0.425,0,0.475,565.0833333333334
mixed_scope,6,frequency,all,0.5583333333333333,-0.32875,0.0125,0.44166666666666665,421.51666666666665
mixed_scope,6,frequency,pre,0.5833333333333334,-0.2575,0.025,0.4166666666666667,277.95
mixed_scope,6,frequency,post,0.5333333333333333,-0.4,0,0.4666666666666667,565.0833333333334
mixed_scope,6,scoped,all,1,0.985,0.05,0,137.80833333333334
mixed_scope,6,scoped,pre,1,0.985,0.05,0,137.30833333333334
mixed_scope,6,scoped,post,1,0.985,0.05,0,138.30833333333334
mixed_scope,6,gated,all,1,0.985,0.05,0,137.80833333333334
mixed_scope,6,gated,pre,1,0.985,0.05,0,137.30833333333334
mixed_scope,6,gated,post,1,0.985,0.05,0,138.30833333333334
mixed_scope,7,none,all,1,0.7,1,0,2
mixed_scope,7,none,pre,1,0.7,1,0,2
mixed_scope,7,none,post,1,0.7,1,0,2
mixed_scope,7,static,all,0.5708333333333333,-0.29125,0.0125,0.42916666666666664,277.4875
mixed_scope,7,static,pre,0.575,-0.2825,0.025,0.425,267.5416666666667
mixed_scope,7,static,post,0.5666666666666667,-0.3,0,0.43333333333333335,287.43333333333334
mixed_scope,7,recency,all,0.5083333333333333,-0.47875,0.0125,0.49166666666666664,417.2416666666667
mixed_scope,7,recency,pre,0.525,-0.4325,0.025,0.475,268.80833333333334
mixed_scope,7,recency,post,0.49166666666666664,-0.525,0,0.5083333333333333,565.675
mixed_scope,7,frequency,all,0.525,-0.42875,0.0125,0.475,417.2416666666667
mixed_scope,7,frequency,pre,0.475,-0.5825,0.025,0.525,268.80833333333334
mixed_scope,7,frequency,post,0.575,-0.275,0,0.425,565.675
mixed_scope,7,scoped,all,1,0.985,0.05,0,137.79583333333332
mixed_scope,7,scoped,pre,1,0.985,0.05,0,136.95833333333334
mixed_scope,7,scoped,post,1,0.985,0.05,0,138.63333333333333
mixed_scope,7,gated,all,1,0.985,0.05,0,137.79583333333332
mixed_scope,7,gated,pre,1,0.985,0.05,0,136.95833333333334
mixed_scope,7,gated,post,1,0.985,0.05,0,138.63333333333333
mixed_scope,8,none,all,1,0.7,1,0,2
mixed_scope,8,none,pre,1,0.7,1,0,2
mixed_scope,8,none,post,1,0.7,1,0,2
mixed_scope,8,static,all,0.5208333333333334,-0.44125,0.0125,0.4791666666666667,278.8875
mixed_scope,8,static,pre,0.525,-0.4325,0.025,0.475,270.8333333333333
mixed_scope,8,static,post,0.5166666666666667,-0.45,0,0.48333333333333334,286.94166666666666
mixed_scope,8,recency,all,0.5375,-0.39125,0.0125,0.4625,421.8125
mixed_scope,8,recency,pre,0.5333333333333333,-0.4075,0.025,0.4666666666666667,272.2416666666667
mixed_scope,8,recency,post,0.5416666666666666,-0.375,0,0.4583333333333333,571.3833333333333
mixed_scope,8,frequency,all,0.49166666666666664,-0.52875,0.0125,0.5083333333333333,421.8125
mixed_scope,8,frequency,pre,0.5,-0.5075,0.025,0.5,272.2416666666667
mixed_scope,8,frequency,post,0.48333333333333334,-0.55,0,0.5166666666666667,571.3833333333333
mixed_scope,8,scoped,all,1,0.985,0.05,0,137.98333333333332
mixed_scope,8,scoped,pre,1,0.985,0.05,0,137.40833333333333
mixed_scope,8,scoped,post,1,0.985,0.05,0,138.55833333333334
mixed_scope,8,gated,all,1,0.985,0.05,0,137.98333333333332
mixed_scope,8,gated,pre,1,0.985,0.05,0,137.40833333333333
mixed_scope,8,gated,post,1,0.985,0.05,0,138.55833333333334
mixed_scope,9,none,all,1,0.7,1,0,2
mixed_scope,9,none,pre,1,0.7,1,0,2
mixed_scope,9,none,post,1,0.7,1,0,2
mixed_scope,9,static,all,0.48333333333333334,-0.55375,0.0125,0.5166666666666667,280.46666666666664
mixed_scope,9,static,pre,0.525,-0.4325,0.025,0.475,273.84166666666664
mixed_scope,9,static,post,0.44166666666666665,-0.675,0,0.5583333333333333,287.09166666666664
mixed_scope,9,recency,all,0.5333333333333333,-0.40375,0.0125,0.4666666666666667,420.5083333333333
mixed_scope,9,recency,pre,0.5,-0.5075,0.025,0.5,275.425
mixed_scope,9,recency,post,0.5666666666666667,-0.3,0,0.43333333333333335,565.5916666666667
mixed_scope,9,frequency,all,0.4708333333333333,-0.59125,0.0125,0.5291666666666667,420.5083333333333
mixed_scope,9,frequency,pre,0.5166666666666667,-0.4575,0.025,0.48333333333333334,275.425
mixed_scope,9,frequency,post,0.425,-0.725,0,0.575,565.5916666666667
mixed_scope,9,scoped,all,1,0.985,0.05,0,137.85833333333332
mixed_scope,9,scoped,pre,1,0.985,0.05,0,137.28333333333333
mixed_scope,9,scoped,post,1,0.985,0.05,0,138.43333333333334
mixed_scope,9,gated,all,1,0.985,0.05,0,137.85833333333332
mixed_scope,9,gated,pre,1,0.985,0.05,0,137.28333333333333
mixed_scope,9,gated,post,1,0.985,0.05,0,138.43333333333334
mixed_scope,10,none,all,1,0.7,1,0,2
mixed_scope,10,none,pre,1,0.7,1,0,2
mixed_scope,10,none,post,1,0.7,1,0,2
mixed_scope,10,static,all,0.5666666666666667,-0.30375,0.0125,0.43333333333333335,240.53333333333333
mixed_scope,10,static,pre,0.6333333333333333,-0.1075,0.025,0.36666666666666664,225.43333333333334
mixed_scope,10,static,post,0.5,-0.5,0,0.5,255.63333333333333
mixed_scope,10,recency,all,0.5208333333333334,-0.44125,0.0125,0.4791666666666667,418.2625
mixed_scope,10,recency,pre,0.55,-0.3575,0.025,0.45,267.8
mixed_scope,10,recency,post,0.49166666666666664,-0.525,0,0.5083333333333333,568.725
mixed_scope,10,frequency,all,0.5333333333333333,-0.40375,0.0125,0.4666666666666667,418.2625
mixed_scope,10,frequency,pre,0.5916666666666667,-0.2325,0.025,0.4083333333333333,267.8
mixed_scope,10,frequency,post,0.475,-0.575,0,0.525,568.725
mixed_scope,10,scoped,all,1,0.985,0.05,0,137.55416666666667
mixed_scope,10,scoped,pre,1,0.985,0.05,0,136.825
mixed_scope,10,scoped,post,1,0.985,0.05,0,138.28333333333333
mixed_scope,10,gated,all,1,0.985,0.05,0,137.55416666666667
mixed_scope,10,gated,pre,1,0.985,0.05,0,136.825
mixed_scope,10,gated,post,1,0.985,0.05,0,138.28333333333333
mixed_scope,11,none,all,1,0.7,1,0,2
mixed_scope,11,none,pre,1,0.7,1,0,2
mixed_scope,11,none,post,1,0.7,1,0,2
mixed_scope,11,static,all,0.5458333333333333,-0.36625,0.0125,0.45416666666666666,278.7583333333333
mixed_scope,11,static,pre,0.575,-0.2825,0.025,0.425,270.14166666666665
mixed_scope,11,static,post,0.5166666666666667,-0.45,0,0.48333333333333334,287.375
mixed_scope,11,recency,all,0.44583333333333336,-0.66625,0.0125,0.5541666666666667,420.5708333333333
mixed_scope,11,recency,pre,0.5166666666666667,-0.4575,0.025,0.48333333333333334,271.46666666666664
mixed_scope,11,recency,post,0.375,-0.875,0,0.625,569.675
mixed_scope,11,frequency,all,0.5791666666666667,-0.26625,0.0125,0.42083333333333334,420.5708333333333
mixed_scope,11,frequency,pre,0.6416666666666667,-0.0825,0.025,0.35833333333333334,271.46666666666664
mixed_scope,11,frequency,post,0.5166666666666667,-0.45,0,0.48333333333333334,569.675
mixed_scope,11,scoped,all,1,0.985,0.05,0,137.9125
mixed_scope,11,scoped,pre,1,0.985,0.05,0,137.225
mixed_scope,11,scoped,post,1,0.985,0.05,0,138.6
mixed_scope,11,gated,all,1,0.985,0.05,0,137.9125
mixed_scope,11,gated,pre,1,0.985,0.05,0,137.225
mixed_scope,11,gated,post,1,0.985,0.05,0,138.6
mixed_scope,12,none,all,1,0.7,1,0,2
mixed_scope,12,none,pre,1,0.7,1,0,2
mixed_scope,12,none,post,1,0.7,1,0,2
mixed_scope,12,static,all,0.43333333333333335,-0.70375,0.0125,0.5666666666666667,280.7875
mixed_scope,12,static,pre,0.43333333333333335,-0.7075,0.025,0.5666666666666667,274.19166666666666
mixed_scope,12,static,post,0.43333333333333335,-0.7,0,0.5666666666666667,287.3833333333333
mixed_scope,12,recency,all,0.525,-0.42875,0.0125,0.475,422.90416666666664
mixed_scope,12,recency,pre,0.5083333333333333,-0.4825,0.025,0.49166666666666664,275.43333333333334
mixed_scope,12,recency,post,0.5416666666666666,-0.375,0,0.4583333333333333,570.375
mixed_scope,12,frequency,all,0.5125,-0.46625,0.0125,0.4875,422.90416666666664
mixed_scope,12,frequency,pre,0.475,-0.5825,0.025,0.525,275.43333333333334
mixed_scope,12,frequency,post,0.55,-0.35,0,0.45,570.375
mixed_scope,12,scoped,all,1,0.985,0.05,0,137.9125
mixed_scope,12,scoped,pre,1,0.985,0.05,0,137.16666666666666
mixed_scope,12,scoped,post,1,0.985,0.05,0,138.65833333333333
mixed_scope,12,gated,all,1,0.985,0.05,0,137.9125
mixed_scope,12,gated,pre,1,0.985,0.05,0,137.16666666666666
mixed_scope,12,gated,post,1,0.985,0.05,0,138.65833333333333
mixed_scope,13,none,all,1,0.7,1,0,2
mixed_scope,13,none,pre,1,0.7,1,0,2
mixed_scope,13,none,post,1,0.7,1,0,2
mixed_scope,13,static,all,0.4875,-0.54125,0.0125,0.5125,279.8958333333333
mixed_scope,13,static,pre,0.475,-0.5825,0.025,0.525,272.94166666666666
mixed_scope,13,static,post,0.5,-0.5,0,0.5,286.85
mixed_scope,13,recency,all,0.5125,-0.46625,0.0125,0.4875,421.775
mixed_scope,13,recency,pre,0.5333333333333333,-0.4075,0.025,0.4666666666666667,274.46666666666664
mixed_scope,13,recency,post,0.49166666666666664,-0.525,0,0.5083333333333333,569.0833333333334
mixed_scope,13,frequency,all,0.4791666666666667,-0.56625,0.0125,0.5208333333333334,421.775
mixed_scope,13,frequency,pre,0.4583333333333333,-0.6325,0.025,0.5416666666666666,274.46666666666664
mixed_scope,13,frequency,post,0.5,-0.5,0,0.5,569.0833333333334
mixed_scope,13,scoped,all,1,0.985,0.05,0,137.89583333333334
mixed_scope,13,scoped,pre,1,0.985,0.05,0,137.29166666666666
mixed_scope,13,scoped,post,1,0.985,0.05,0,138.5
mixed_scope,13,gated,all,1,0.985,0.05,0,137.89583333333334
mixed_scope,13,gated,pre,1,0.985,0.05,0,137.29166666666666
mixed_scope,13,gated,post,1,0.985,0.05,0,138.5
mixed_scope,14,none,all,1,0.7,1,0,2
mixed_scope,14,none,pre,1,0.7,1,0,2
mixed_scope,14,none,post,1,0.7,1,0,2
mixed_scope,14,static,all,0.5,-0.50375,0.0125,0.5,280.1375
mixed_scope,14,static,pre,0.48333333333333334,-0.5575,0.025,0.5166666666666667,273.60833333333335
mixed_scope,14,static,post,0.5166666666666667,-0.45,0,0.48333333333333334,286.6666666666667
mixed_scope,14,recency,all,0.4708333333333333,-0.59125,0.0125,0.5291666666666667,418.81666666666666
mixed_scope,14,recency,pre,0.4666666666666667,-0.6075,0.025,0.5333333333333333,275.1666666666667
mixed_scope,14,recency,post,0.475,-0.575,0,0.525,562.4666666666667
mixed_scope,14,frequency,all,0.4708333333333333,-0.59125,0.0125,0.5291666666666667,418.81666666666666
mixed_scope,14,frequency,pre,0.4583333333333333,-0.6325,0.025,0.5416666666666666,275.1666666666667
mixed_scope,14,frequency,post,0.48333333333333334,-0.55,0,0.5166666666666667,562.4666666666667
mixed_scope,14,scoped,all,1,0.985,0.05,0,137.64583333333334
mixed_scope,14,scoped,pre,1,0.985,0.05,0,137.05833333333334
mixed_scope,14,scoped,post,1,0.985,0.05,0,138.23333333333332
mixed_scope,14,gated,all,1,0.985,0.05,0,137.64583333333334
mixed_scope,14,gated,pre,1,0.985,0.05,0,137.05833333333334
mixed_scope,14,gated,post,1,0.985,0.05,0,138.23333333333332
mixed_scope,15,none,all,1,0.7,1,0,2
mixed_scope,15,none,pre,1,0.7,1,0,2
mixed_scope,15,none,post,1,0.7,1,0,2
mixed_scope,15,static,all,0.5041666666666667,-0.49125,0.0125,0.49583333333333335,281.4625
mixed_scope,15,static,pre,0.48333333333333334,-0.5575,0.025,0.5166666666666667,275.10833333333335
mixed_scope,15,static,post,0.525,-0.425,0,0.475,287.81666666666666
mixed_scope,15,recency,all,0.4791666666666667,-0.56625,0.0125,0.5208333333333334,422.0541666666667
mixed_scope,15,recency,pre,0.4583333333333333,-0.6325,0.025,0.5416666666666666,276.3
mixed_scope,15,recency,post,0.5,-0.5,0,0.5,567.8083333333333
mixed_scope,15,frequency,all,0.5208333333333334,-0.44125,0.0125,0.4791666666666667,422.0541666666667
mixed_scope,15,frequency,pre,0.5416666666666666,-0.3825,0.025,0.4583333333333333,276.3
mixed_scope,15,frequency,post,0.5,-0.5,0,0.5,567.8083333333333
mixed_scope,15,scoped,all,1,0.985,0.05,0,137.9375
mixed_scope,15,scoped,pre,1,0.985,0.05,0,137.20833333333334
mixed_scope,15,scoped,post,1,0.985,0.05,0,138.66666666666666
mixed_scope,15,gated,all,1,0.985,0.05,0,137.9375
mixed_scope,15,gated,pre,1,0.985,0.05,0,137.20833333333334
mixed_scope,15,gated,post,1,0.985,0.05,0,138.66666666666666
mixed_scope,16,none,all,1,0.7,1,0,2
mixed_scope,16,none,pre,1,0.7,1,0,2
mixed_scope,16,none,post,1,0.7,1,0,2
mixed_scope,16,static,all,0.5083333333333333,-0.47875,0.0125,0.49166666666666664,281.49583333333334
mixed_scope,16,static,pre,0.5,-0.5075,0.025,0.5,276.0416666666667
mixed_scope,16,static,post,0.5166666666666667,-0.45,0,0.48333333333333334,286.95
mixed_scope,16,recency,all,0.4666666666666667,-0.60375,0.0125,0.5333333333333333,423.92083333333335
mixed_scope,16,recency,pre,0.475,-0.5825,0.025,0.525,277.2916666666667
mixed_scope,16,recency,post,0.4583333333333333,-0.625,0,0.5416666666666666,570.55
mixed_scope,16,frequency,all,0.4791666666666667,-0.56625,0.0125,0.5208333333333334,423.92083333333335
mixed_scope,16,frequency,pre,0.5,-0.5075,0.025,0.5,277.2916666666667
mixed_scope,16,frequency,post,0.4583333333333333,-0.625,0,0.5416666666666666,570.55
mixed_scope,16,scoped,all,1,0.985,0.05,0,137.6375
mixed_scope,16,scoped,pre,1,0.985,0.05,0,137.025
mixed_scope,16,scoped,post,1,0.985,0.05,0,138.25
mixed_scope,16,gated,all,1,0.985,0.05,0,137.6375
mixed_scope,16,gated,pre,1,0.985,0.05,0,137.025
mixed_scope,16,gated,post,1,0.985,0.05,0,138.25
mixed_scope,17,none,all,1,0.7,1,0,2
mixed_scope,17,none,pre,1,0.7,1,0,2
mixed_scope,17,none,post,1,0.7,1,0,2
mixed_scope,17,static,all,0.5041666666666667,-0.49125,0.0125,0.49583333333333335,280.5208333333333
mixed_scope,17,static,pre,0.49166666666666664,-0.5325,0.025,0.5083333333333333,273.7916666666667
mixed_scope,17,static,post,0.5166666666666667,-0.45,0,0.48333333333333334,287.25
mixed_scope,17,recency,all,0.5083333333333333,-0.47875,0.0125,0.49166666666666664,421.5416666666667
mixed_scope,17,recency,pre,0.475,-0.5825,0.025,0.525,274.975
mixed_scope,17,recency,post,0.5416666666666666,-0.375,0,0.4583333333333333,568.1083333333333
mixed_scope,17,frequency,all,0.5291666666666667,-0.41625,0.0125,0.4708333333333333,421.5416666666667
mixed_scope,17,frequency,pre,0.55,-0.3575,0.025,0.45,274.975
mixed_scope,17,frequency,post,0.5083333333333333,-0.475,0,0.49166666666666664,568.1083333333333
mixed_scope,17,scoped,all,1,0.985,0.05,0,137.77083333333334
mixed_scope,17,scoped,pre,1,0.985,0.05,0,136.99166666666667
mixed_scope,17,scoped,post,1,0.985,0.05,0,138.55
mixed_scope,17,gated,all,1,0.985,0.05,0,137.77083333333334
mixed_scope,17,gated,pre,1,0.985,0.05,0,136.99166666666667
mixed_scope,17,gated,post,1,0.985,0.05,0,138.55
mixed_scope,18,none,all,1,0.7,1,0,2
mixed_scope,18,none,pre,1,0.7,1,0,2
mixed_scope,18,none,post,1,0.7,1,0,2
mixed_scope,18,static,all,0.49583333333333335,-0.51625,0.0125,0.5041666666666667,281.44166666666666
mixed_scope,18,static,pre,0.475,-0.5825,0.025,0.525,275.65
mixed_scope,18,static,post,0.5166666666666667,-0.45,0,0.48333333333333334,287.23333333333335
mixed_scope,18,recency,all,0.5041666666666667,-0.49125,0.0125,0.49583333333333335,423.0541666666667
mixed_scope,18,recency,pre,0.55,-0.3575,0.025,0.45,276.875
mixed_scope,18,recency,post,0.4583333333333333,-0.625,0,0.5416666666666666,569.2333333333333
mixed_scope,18,frequency,all,0.49583333333333335,-0.51625,0.0125,0.5041666666666667,423.0541666666667
mixed_scope,18,frequency,pre,0.5166666666666667,-0.4575,0.025,0.48333333333333334,276.875
mixed_scope,18,frequency,post,0.475,-0.575,0,0.525,569.2333333333333
mixed_scope,18,scoped,all,1,0.985,0.05,0,137.875
mixed_scope,18,scoped,pre,1,0.985,0.05,0,137.31666666666666
mixed_scope,18,scoped,post,1,0.985,0.05,0,138.43333333333334
mixed_scope,18,gated,all,1,0.985,0.05,0,137.875
mixed_scope,18,gated,pre,1,0.985,0.05,0,137.31666666666666
mixed_scope,18,gated,post,1,0.985,0.05,0,138.43333333333334
mixed_scope,19,none,all,1,0.7,1,0,2
mixed_scope,19,none,pre,1,0.7,1,0,2
mixed_scope,19,none,post,1,0.7,1,0,2
mixed_scope,19,static,all,0.4041666666666667,-0.79125,0.0125,0.5958333333333333,279.6625
mixed_scope,19,static,pre,0.4666666666666667,-0.6075,0.025,0.5333333333333333,272.6166666666667
mixed_scope,19,static,post,0.3416666666666667,-0.975,0,0.6583333333333333,286.7083333333333
mixed_scope,19,recency,all,0.5166666666666667,-0.45375,0.0125,0.48333333333333334,417.47083333333336
mixed_scope,19,recency,pre,0.525,-0.4325,0.025,0.475,274.175
mixed_scope,19,recency,post,0.5083333333333333,-0.475,0,0.49166666666666664,560.7666666666667
mixed_scope,19,frequency,all,0.4625,-0.61625,0.0125,0.5375,417.47083333333336
mixed_scope,19,frequency,pre,0.475,-0.5825,0.025,0.525,274.175
mixed_scope,19,frequency,post,0.45,-0.65,0,0.55,560.7666666666667
mixed_scope,19,scoped,all,1,0.985,0.05,0,137.675
mixed_scope,19,scoped,pre,1,0.985,0.05,0,137.20833333333334
mixed_scope,19,scoped,post,1,0.985,0.05,0,138.14166666666668
mixed_scope,19,gated,all,1,0.985,0.05,0,137.675
mixed_scope,19,gated,pre,1,0.985,0.05,0,137.20833333333334
mixed_scope,19,gated,post,1,0.985,0.05,0,138.14166666666668
noisy_feedback,0,none,all,1,0.7,1,0,2
noisy_feedback,0,none,pre,1,0.7,1,0,2
noisy_feedback,0,none,post,1,0.7,1,0,2
noisy_feedback,0,static,all,0.4875,-0.54125,0.0125,0.5125,230.35
noisy_feedback,0,static,pre,0.975,0.9175,0.025,0.025,230
noisy_feedback,0,static,post,0,-2,0,1,230.7
noisy_feedback,0,recency,all,0.7833333333333333,0.34625,0.0125,0.21666666666666667,413.5
noisy_feedback,0,recency,pre,0.7916666666666666,0.3675,0.025,0.20833333333333334,266.55833333333334
noisy_feedback,0,recency,post,0.775,0.325,0,0.225,560.4416666666667
noisy_feedback,0,frequency,all,0.55,-0.35375,0.0125,0.45,413.5
noisy_feedback,0,frequency,pre,1,0.9925,0.025,0,266.55833333333334
noisy_feedback,0,frequency,post,0.1,-1.7,0,0.9,560.4416666666667
noisy_feedback,0,scoped,all,0.7958333333333333,0.38,0.025,0.20416666666666666,269.84583333333336
noisy_feedback,0,scoped,pre,0.7916666666666666,0.3675,0.025,0.20833333333333334,266.55833333333334
noisy_feedback,0,scoped,post,0.8,0.3925,0.025,0.2,273.1333333333333
noisy_feedback,0,gated,all,1,0.9925,0.025,0,141.18333333333334
noisy_feedback,0,gated,pre,1,0.9925,0.025,0,141.29166666666666
noisy_feedback,0,gated,post,1,0.9925,0.025,0,141.075
noisy_feedback,1,none,all,1,0.7,1,0,2
noisy_feedback,1,none,pre,1,0.7,1,0,2
noisy_feedback,1,none,post,1,0.7,1,0,2
noisy_feedback,1,static,all,0.49166666666666664,-0.52875,0.0125,0.5083333333333333,182.3625
noisy_feedback,1,static,pre,0.9833333333333333,0.9425,0.025,0.016666666666666666,177.00833333333333
noisy_feedback,1,static,post,0,-2,0,1,187.71666666666667
noisy_feedback,1,recency,all,0.8041666666666667,0.40875,0.0125,0.19583333333333333,398.4375
noisy_feedback,1,recency,pre,0.875,0.6175,0.025,0.125,238.74166666666667
noisy_feedback,1,recency,post,0.7333333333333333,0.2,0,0.26666666666666666,558.1333333333333
noisy_feedback,1,frequency,all,0.5,-0.50375,0.0125,0.5,398.4375
noisy_feedback,1,frequency,pre,1,0.9925,0.025,0,238.74166666666667
noisy_feedback,1,frequency,post,0,-2,0,1,558.1333333333333
noisy_feedback,1,scoped,all,0.8125,0.43,0.025,0.1875,254.4125
noisy_feedback,1,scoped,pre,0.875,0.6175,0.025,0.125,238.74166666666667
noisy_feedback,1,scoped,post,0.75,0.2425,0.025,0.25,270.0833333333333
noisy_feedback,1,gated,all,1,0.99125,0.029166666666666667,0,140.76666666666668
noisy_feedback,1,gated,pre,1,0.9925,0.025,0,140.55833333333334
noisy_feedback,1,gated,post,1,0.99,0.03333333333333333,0,140.975
noisy_feedback,2,none,all,1,0.7,1,0,2
noisy_feedback,2,none,pre,1,0.7,1,0,2
noisy_feedback,2,none,post,1,0.7,1,0,2
noisy_feedback,2,static,all,0.4875,-0.54125,0.0125,0.5125,231.3875
noisy_feedback,2,static,pre,0.975,0.9175,0.025,0.025,220.85
noisy_feedback,2,static,post,0,-2,0,1,241.925
noisy_feedback,2,recency,all,0.8083333333333333,0.42125,0.0125,0.19166666666666668,409.5625
noisy_feedback,2,recency,pre,0.8333333333333334,0.4925,0.025,0.16666666666666666,257.60833333333335
noisy_feedback,2,recency,post,0.7833333333333333,0.35,0,0.21666666666666667,561.5166666666667
noisy_feedback,2,frequency,all,0.5375,-0.39125,0.0125,0.4625,409.5625
noisy_feedback,2,frequency,pre,1,0.9925,0.025,0,257.60833333333335
noisy_feedback,2,frequency,post,0.075,-1.775,0,0.925,561.5166666666667
noisy_feedback,2,scoped,all,0.8208333333333333,0.455,0.025,0.17916666666666667,265.3041666666667
noisy_feedback,2,scoped,pre,0.8333333333333334,0.4925,0.025,0.16666666666666666,257.60833333333335
noisy_feedback,2,scoped,post,0.8083333333333333,0.4175,0.025,0.19166666666666668,273
noisy_feedback,2,gated,all,1,0.99,0.03333333333333333,0,140.27916666666667
noisy_feedback,2,gated,pre,1,0.9925,0.025,0,139.86666666666667
noisy_feedback,2,gated,post,1,0.9875,0.041666666666666664,0,140.69166666666666
noisy_feedback,3,none,all,1,0.7,1,0,2
noisy_feedback,3,none,pre,1,0.7,1,0,2
noisy_feedback,3,none,post,1,0.7,1,0,2
noisy_feedback,3,static,all,0.5583333333333333,-0.32875,0.0125,0.44166666666666665,240.72916666666666
noisy_feedback,3,static,pre,0.7333333333333333,0.1925,0.025,0.26666666666666666,233.26666666666668
noisy_feedback,3,static,post,0.38333333333333336,-0.85,0,0.6166666666666667,248.19166666666666
noisy_feedback,3,recency,all,0.7958333333333333,0.38375,0.0125,0.20416666666666666,410.9
noisy_feedback,3,recency,pre,0.825,0.4675,0.025,0.175,256.825
noisy_feedback,3,recency,post,0.7666666666666667,0.3,0,0.23333333333333334,564.975
noisy_feedback,3,frequency,all,0.5416666666666666,-0.37875,0.0125,0.4583333333333333,410.9
noisy_feedback,3,frequency,pre,0.9833333333333333,0.9425,0.025,0.016666666666666666,256.825
noisy_feedback,3,frequency,post,0.1,-1.7,0,0.9,564.975
noisy_feedback,3,scoped,all,0.8083333333333333,0.4175,0.025,0.19166666666666668,266.79583333333335
noisy_feedback,3,scoped,pre,0.825,0.4675,0.025,0.175,256.825
noisy_feedback,3,scoped,post,0.7916666666666666,0.3675,0.025,0.20833333333333334,276.76666666666665
noisy_feedback,3,gated,all,1,0.99125,0.029166666666666667,0,140.80833333333334
noisy_feedback,3,gated,pre,1,0.9925,0.025,0,140.85833333333332
noisy_feedback,3,gated,post,1,0.99,0.03333333333333333,0,140.75833333333333
noisy_feedback,4,none,all,1,0.7,1,0,2
noisy_feedback,4,none,pre,1,0.7,1,0,2
noisy_feedback,4,none,post,1,0.7,1,0,2
noisy_feedback,4,static,all,0.5583333333333333,-0.32875,0.0125,0.44166666666666665,275.0541666666667
noisy_feedback,4,static,pre,0.7666666666666667,0.2925,0.025,0.23333333333333334,264.5083333333333
noisy_feedback,4,static,post,0.35,-0.95,0,0.65,285.6
noisy_feedback,4,recency,all,0.7791666666666667,0.33375,0.0125,0.22083333333333333,414.18333333333334
noisy_feedback,4,recency,pre,0.7833333333333333,0.3425,0.025,0.21666666666666667,265.44166666666666
noisy_feedback,4,recency,post,0.775,0.325,0,0.225,562.925
noisy_feedback,4,frequency,all,0.55,-0.35375,0.0125,0.45,414.18333333333334
noisy_feedback,4,frequency,pre,0.9916666666666667,0.9675,0.025,0.008333333333333333,265.44166666666666
noisy_feedback,4,frequency,post,0.10833333333333334,-1.675,0,0.8916666666666667,562.925
noisy_feedback,4,scoped,all,0.7875,0.355,0.025,0.2125,269.5833333333333
noisy_feedback,4,scoped,pre,0.7833333333333333,0.3425,0.025,0.21666666666666667,265.44166666666666
noisy_feedback,4,scoped,post,0.7916666666666666,0.3675,0.025,0.20833333333333334,273.725
noisy_feedback,4,gated,all,1,0.99125,0.029166666666666667,0,140.725
noisy_feedback,4,gated,pre,1,0.99,0.03333333333333333,0,139.225
noisy_feedback,4,gated,post,1,0.9925,0.025,0,142.225
noisy_feedback,5,none,all,1,0.7,1,0,2
noisy_feedback,5,none,pre,1,0.7,1,0,2
noisy_feedback,5,none,post,1,0.7,1,0,2
noisy_feedback,5,static,all,0.5208333333333334,-0.44125,0.0125,0.4791666666666667,276.8541666666667
noisy_feedback,5,static,pre,0.6833333333333333,0.042499999999999996,0.025,0.31666666666666665,268.5833333333333
noisy_feedback,5,static,post,0.35833333333333334,-0.925,0,0.6416666666666667,285.125
noisy_feedback,5,recency,all,0.775,0.32125,0.0125,0.225,413.7916666666667
noisy_feedback,5,recency,pre,0.7583333333333333,0.2675,0.025,0.24166666666666667,270.0083333333333
noisy_feedback,5,recency,post,0.7916666666666666,0.375,0,0.20833333333333334,557.575
noisy_feedback,5,frequency,all,0.5708333333333333,-0.29125,0.0125,0.42916666666666664,413.7916666666667
noisy_feedback,5,frequency,pre,0.9666666666666667,0.8925,0.025,0.03333333333333333,270.0083333333333
noisy_feedback,5,frequency,post,0.175,-1.475,0,0.825,557.575
noisy_feedback,5,scoped,all,0.7791666666666667,0.33,0.025,0.22083333333333333,269.43333333333334
noisy_feedback,5,scoped,pre,0.7583333333333333,0.2675,0.025,0.24166666666666667,270.0083333333333
noisy_feedback,5,scoped,post,0.8,0.3925,0.025,0.2,268.85833333333335
noisy_feedback,5,gated,all,1,0.99125,0.029166666666666667,0,140.86666666666667
noisy_feedback,5,gated,pre,1,0.9925,0.025,0,141.36666666666667
noisy_feedback,5,gated,post,1,0.99,0.03333333333333333,0,140.36666666666667
noisy_feedback,6,none,all,1,0.7,1,0,2
noisy_feedback,6,none,pre,1,0.7,1,0,2
noisy_feedback,6,none,post,1,0.7,1,0,2
noisy_feedback,6,static,all,0.49166666666666664,-0.52875,0.0125,0.5083333333333333,228.6875
noisy_feedback,6,static,pre,0.9833333333333333,0.9425,0.025,0.016666666666666666,224.39166666666668
noisy_feedback,6,static,post,0,-2,0,1,232.98333333333332
noisy_feedback,6,recency,all,0.7666666666666667,0.29625,0.0125,0.23333333333333334,407.025
noisy_feedback,6,recency,pre,0.8166666666666667,0.4425,0.025,0.18333333333333332,252.975
noisy_feedback,6,recency,post,0.7166666666666667,0.15,0,0.2833333333333333,561.075
noisy_feedback,6,frequency,all,0.5625,-0.31625,0.0125,0.4375,407.025
noisy_feedback,6,frequency,pre,0.9916666666666667,0.9675,0.025,0.008333333333333333,252.975
noisy_feedback,6,frequency,post,0.13333333333333333,-1.6,0,0.8666666666666667,561.075
noisy_feedback,6,scoped,all,0.7791666666666667,0.33,0.025,0.22083333333333333,262.9791666666667
noisy_feedback,6,scoped,pre,0.8166666666666667,0.4425,0.025,0.18333333333333332,252.975
noisy_feedback,6,scoped,post,0.7416666666666667,0.2175,0.025,0.25833333333333336,272.98333333333335
noisy_feedback,6,gated,all,1,0.99125,0.029166666666666667,0,140.75833333333333
noisy_feedback,6,gated,pre,1,0.99,0.03333333333333333,0,140.125
noisy_feedback,6,gated,post,1,0.9925,0.025,0,141.39166666666668
noisy_feedback,7,none,all,1,0.7,1,0,2
noisy_feedback,7,none,pre,1,0.7,1,0,2
noisy_feedback,7,none,post,1,0.7,1,0,2
noisy_feedback,7,static,all,0.475,-0.57875,0.0125,0.525,181.825
noisy_feedback,7,static,pre,0.95,0.8425,0.025,0.05,183.10833333333332
noisy_feedback,7,static,post,0,-2,0,1,180.54166666666666
noisy_feedback,7,recency,all,0.775,0.32125,0.0125,0.225,405.35
noisy_feedback,7,recency,pre,0.7666666666666667,0.2925,0.025,0.23333333333333334,257.98333333333335
noisy_feedback,7,recency,post,0.7833333333333333,0.35,0,0.21666666666666667,552.7166666666667
noisy_feedback,7,frequency,all,0.5125,-0.46625,0.0125,0.4875,405.35
noisy_feedback,7,frequency,pre,0.9333333333333333,0.7925,0.025,0.06666666666666667,257.98333333333335
noisy_feedback,7,frequency,post,0.09166666666666666,-1.725,0,0.9083333333333333,552.7166666666667
noisy_feedback,7,scoped,all,0.7875,0.355,0.025,0.2125,261.65833333333336
noisy_feedback,7,scoped,pre,0.7666666666666667,0.2925,0.025,0.23333333333333334,257.98333333333335
noisy_feedback,7,scoped,post,0.8083333333333333,0.4175,0.025,0.19166666666666668,265.3333333333333
noisy_feedback,7,gated,all,1,0.98875,0.0375,0,139.275
noisy_feedback,7,gated,pre,1,0.985,0.05,0,137.58333333333334
noisy_feedback,7,gated,post,1,0.9925,0.025,0,140.96666666666667
noisy_feedback,8,none,all,1,0.7,1,0,2
noisy_feedback,8,none,pre,1,0.7,1,0,2
noisy_feedback,8,none,post,1,0.7,1,0,2
noisy_feedback,8,static,all,0.475,-0.57875,0.0125,0.525,278.4375
noisy_feedback,8,static,pre,0.95,0.8425,0.025,0.05,272.05
noisy_feedback,8,static,post,0,-2,0,1,284.825
noisy_feedback,8,recency,all,0.7708333333333334,0.30875,0.0125,0.22916666666666666,416.425
noisy_feedback,8,recency,pre,0.8,0.3925,0.025,0.2,273.10833333333335
noisy_feedback,8,recency,post,0.7416666666666667,0.225,0,0.25833333333333336,559.7416666666667
noisy_feedback,8,frequency,all,0.49166666666666664,-0.52875,0.0125,0.5083333333333333,416.425
noisy_feedback,8,frequency,pre,0.9666666666666667,0.8925,0.025,0.03333333333333333,273.10833333333335
noisy_feedback,8,frequency,post,0.016666666666666666,-1.95,0,0.9833333333333333,559.7416666666667
noisy_feedback,8,scoped,all,0.7833333333333333,0.3425,0.025,0.21666666666666667,272.6791666666667
noisy_feedback,8,scoped,pre,0.8,0.3925,0.025,0.2,273.10833333333335
noisy_feedback,8,scoped,post,0.7666666666666667,0.2925,0.025,0.23333333333333334,272.25
noisy_feedback,8,gated,all,1,0.99,0.03333333333333333,0,140.19583333333333
noisy_feedback,8,gated,pre,1,0.9875,0.041666666666666664,0,138.98333333333332
noisy_feedback,8,gated,post,1,0.9925,0.025,0,141.40833333333333
noisy_feedback,9,none,all,1,0.7,1,0,2
noisy_feedback,9,none,pre,1,0.7,1,0,2
noisy_feedback,9,none,post,1,0.7,1,0,2
noisy_feedback,9,static,all,0.5458333333333333,-0.36625,0.0125,0.45416666666666666,278.8875
noisy_feedback,9,static,pre,0.7416666666666667,0.2175,0.025,0.25833333333333336,272.84166666666664
noisy_feedback,9,static,post,0.35,-0.95,0,0.65,284.93333333333334
noisy_feedback,9,recency,all,0.7166666666666667,0.14625,0.0125,0.2833333333333333,419.55
noisy_feedback,9,recency,pre,0.675,0.017499999999999998,0.025,0.325,273.98333333333335
noisy_feedback,9,recency,post,0.7583333333333333,0.275,0,0.24166666666666667,565.1166666666667
noisy_feedback,9,frequency,all,0.525,-0.42875,0.0125,0.475,419.55
noisy_feedback,9,frequency,pre,0.9,0.6925,0.025,0.1,273.98333333333335
noisy_feedback,9,frequency,post,0.15,-1.55,0,0.85,565.1166666666667
noisy_feedback,9,scoped,all,0.725,0.1675,0.025,0.275,275.28333333333336
noisy_feedback,9,scoped,pre,0.675,0.017499999999999998,0.025,0.325,273.98333333333335
noisy_feedback,9,scoped,post,0.775,0.3175,0.025,0.225,276.5833333333333
noisy_feedback,9,gated,all,1,0.9875,0.041666666666666664,0,138.69583333333333
noisy_feedback,9,gated,pre,1,0.9825,0.058333333333333334,0,136.83333333333334
noisy_feedback,9,gated,post,1,0.9925,0.025,0,140.55833333333334
noisy_feedback,10,none,all,1,0.7,1,0,2
noisy_feedback,10,none,pre,1,0.7,1,0,2
noisy_feedback,10,none,post,1,0.7,1,0,2
noisy_feedback,10,static,all,0.5291666666666667,-0.41625,0.0125,0.4708333333333333,276.6666666666667
noisy_feedback,10,static,pre,0.43333333333333335,-0.7075,0.025,0.5666666666666667,268.45
noisy_feedback,10,static,post,0.625,-0.125,0,0.375,284.8833333333333
noisy_feedback,10,recency,all,0.7541666666666667,0.25875,0.0125,0.24583333333333332,414.7583333333333
noisy_feedback,10,recency,pre,0.7916666666666666,0.3675,0.025,0.20833333333333334,269.26666666666665
noisy_feedback,10,recency,post,0.7166666666666667,0.15,0,0.2833333333333333,560.25
noisy_feedback,10,frequency,all,0.5,-0.50375,0.0125,0.5,414.7583333333333
noisy_feedback,10,frequency,pre,0.9833333333333333,0.9425,0.025,0.016666666666666666,269.26666666666665
noisy_feedback,10,frequency,post,0.016666666666666666,-1.95,0,0.9833333333333333,560.25
noisy_feedback,10,scoped,all,0.7666666666666667,0.2925,0.025,0.23333333333333334,271.2
noisy_feedback,10,scoped,pre,0.7916666666666666,0.3675,0.025,0.20833333333333334,269.26666666666665
noisy_feedback,10,scoped,post,0.7416666666666667,0.2175,0.025,0.25833333333333336,273.1333333333333
noisy_feedback,10,gated,all,1,0.99,0.03333333333333333,0,139.99583333333334
noisy_feedback,10,gated,pre,1,0.9875,0.041666666666666664,0,138.70833333333334
noisy_feedback,10,gated,post,1,0.9925,0.025,0,141.28333333333333
noisy_feedback,11,none,all,1,0.7,1,0,2
noisy_feedback,11,none,pre,1,0.7,1,0,2
noisy_feedback,11,none,post,1,0.7,1,0,2
noisy_feedback,11,static,all,0.475,-0.57875,0.0125,0.525,240.325
noisy_feedback,11,static,pre,0.95,0.8425,0.025,0.05,237.11666666666667
noisy_feedback,11,static,post,0,-2,0,1,243.53333333333333
noisy_feedback,11,recency,all,0.8083333333333333,0.42125,0.0125,0.19166666666666668,388.44166666666666
noisy_feedback,11,recency,pre,0.75,0.2425,0.025,0.25,261.40833333333336
noisy_feedback,11,recency,post,0.8666666666666667,0.6,0,0.13333333333333333,515.475
noisy_feedback,11,frequency,all,0.5666666666666667,-0.30375,0.0125,0.43333333333333335,388.44166666666666
noisy_feedback,11,frequency,pre,0.9666666666666667,0.8925,0.025,0.03333333333333333,261.40833333333336
noisy_feedback,11,frequency,post,0.16666666666666666,-1.5,0,0.8333333333333334,515.475
noisy_feedback,11,scoped,all,0.8125,0.43,0.025,0.1875,244.03333333333333
noisy_feedback,11,scoped,pre,0.75,0.2425,0.025,0.25,261.40833333333336
noisy_feedback,11,scoped,post,0.875,0.6175,0.025,0.125,226.65833333333333
noisy_feedback,11,gated,all,1,0.99,0.03333333333333333,0,140.17083333333332
noisy_feedback,11,gated,pre,1,0.99,0.03333333333333333,0,140.64166666666668
noisy_feedback,11,gated,post,1,0.99,0.03333333333333333,0,139.7
noisy_feedback,12,none,all,1,0.7,1,0,2
noisy_feedback,12,none,pre,1,0.7,1,0,2
noisy_feedback,12,none,post,1,0.7,1,0,2
noisy_feedback,12,static,all,0.5541666666666667,-0.34125,0.0125,0.44583333333333336,227.79583333333332
noisy_feedback,12,static,pre,0.7416666666666667,0.2175,0.025,0.25833333333333336,216.925
noisy_feedback,12,static,post,0.36666666666666664,-0.9,0,0.6333333333333333,238.66666666666666
noisy_feedback,12,recency,all,0.8375,0.50875,0.0125,0.1625,403.375
noisy_feedback,12,recency,pre,0.8583333333333333,0.5675,0.025,0.14166666666666666,253.10833333333332
noisy_feedback,12,recency,post,0.8166666666666667,0.45,0,0.18333333333333332,553.6416666666667
noisy_feedback,12,frequency,all,0.5333333333333333,-0.40375,0.0125,0.4666666666666667,403.375
noisy_feedback,12,frequency,pre,1,0.9925,0.025,0,253.10833333333332
noisy_feedback,12,frequency,post,0.06666666666666667,-1.8,0,0.9333333333333333,553.6416666666667
noisy_feedback,12,scoped,all,0.85,0.5425,0.025,0.15,259.25
noisy_feedback,12,scoped,pre,0.8583333333333333,0.5675,0.025,0.14166666666666666,253.10833333333332
noisy_feedback,12,scoped,post,0.8416666666666667,0.5175,0.025,0.15833333333333333,265.39166666666665
noisy_feedback,12,gated,all,1,0.9925,0.025,0,141.41666666666666
noisy_feedback,12,gated,pre,1,0.9925,0.025,0,141.825
noisy_feedback,12,gated,post,1,0.9925,0.025,0,141.00833333333333
noisy_feedback,13,none,all,1,0.7,1,0,2
noisy_feedback,13,none,pre,1,0.7,1,0,2
noisy_feedback,13,none,post,1,0.7,1,0,2
noisy_feedback,13,static,all,0.4875,-0.54125,0.0125,0.5125,232.25833333333333
noisy_feedback,13,static,pre,0.975,0.9175,0.025,0.025,226.975
noisy_feedback,13,static,post,0,-2,0,1,237.54166666666666
noisy_feedback,13,recency,all,0.775,0.32125,0.0125,0.225,409.34583333333336
noisy_feedback,13,recency,pre,0.7916666666666666,0.3675,0.025,0.20833333333333334,256.4583333333333
noisy_feedback,13,recency,post,0.7583333333333333,0.275,0,0.24166666666666667,562.2333333333333
noisy_feedback,13,frequency,all,0.5791666666666667,-0.26625,0.0125,0.42083333333333334,409.34583333333336
noisy_feedback,13,frequency,pre,0.9916666666666667,0.9675,0.025,0.008333333333333333,256.4583333333333
noisy_feedback,13,frequency,post,0.16666666666666666,-1.5,0,0.8333333333333334,562.2333333333333
noisy_feedback,13,scoped,all,0.7833333333333333,0.3425,0.025,0.21666666666666667,265.37083333333334
noisy_feedback,13,scoped,pre,0.7916666666666666,0.3675,0.025,0.20833333333333334,256.4583333333333
noisy_feedback,13,scoped,post,0.775,0.3175,0.025,0.225,274.28333333333336
noisy_feedback,13,gated,all,1,0.99125,0.029166666666666667,0,140.56666666666666
noisy_feedback,13,gated,pre,1,0.9925,0.025,0,141.15
noisy_feedback,13,gated,post,1,0.99,0.03333333333333333,0,139.98333333333332
noisy_feedback,14,none,all,1,0.7,1,0,2
noisy_feedback,14,none,pre,1,0.7,1,0,2
noisy_feedback,14,none,post,1,0.7,1,0,2
noisy_feedback,14,static,all,0.4791666666666667,-0.56625,0.0125,0.5208333333333334,277.7083333333333
noisy_feedback,14,static,pre,0.9583333333333334,0.8675,0.025,0.041666666666666664,270.51666666666665
noisy_feedback,14,static,post,0,-2,0,1,284.9
noisy_feedback,14,recency,all,0.8,0.39625,0.0125,0.2,414.2916666666667
noisy_feedback,14,recency,pre,0.825,0.4675,0.025,0.175,271.675
noisy_feedback,14,recency,post,0.775,0.325,0,0.225,556.9083333333333
noisy_feedback,14,frequency,all,0.4708333333333333,-0.59125,0.0125,0.5291666666666667,414.2916666666667
noisy_feedback,14,frequency,pre,0.9416666666666667,0.8175,0.025,0.058333333333333334,271.675
noisy_feedback,14,frequency,post,0,-2,0,1,556.9083333333333
noisy_feedback,14,scoped,all,0.8083333333333333,0.4175,0.025,0.19166666666666668,270.2083333333333
noisy_feedback,14,scoped,pre,0.825,0.4675,0.025,0.175,271.675
noisy_feedback,14,scoped,post,0.7916666666666666,0.3675,0.025,0.20833333333333334,268.7416666666667
noisy_feedback,14,gated,all,1,0.99125,0.029166666666666667,0,140.65416666666667
noisy_feedback,14,gated,pre,1,0.9925,0.025,0,140.41666666666666
noisy_feedback,14,gated,post,1,0.99,0.03333333333333333,0,140.89166666666668
noisy_feedback,15,none,all,1,0.7,1,0,2
noisy_feedback,15,none,pre,1,0.7,1,0,2
noisy_feedback,15,none,post,1,0.7,1,0,2
noisy_feedback,15,static,all,0.5375,-0.39125,0.0125,0.4625,275.87083333333334
noisy_feedback,15,static,pre,0.7166666666666667,0.1425,0.025,0.2833333333333333,266.34166666666664
noisy_feedback,15,static,post,0.35833333333333334,-0.925,0,0.6416666666666667,285.4
noisy_feedback,15,recency,all,0.85,0.54625,0.0125,0.15,410.37083333333334
noisy_feedback,15,recency,pre,0.85,0.5425,0.025,0.15,267.2
noisy_feedback,15,recency,post,0.85,0.55,0,0.15,553.5416666666666
noisy_feedback,15,frequency,all,0.525,-0.42875,0.0125,0.475,410.37083333333334
noisy_feedback,15,frequency,pre,0.975,0.9175,0.025,0.025,267.2
noisy_feedback,15,frequency,post,0.075,-1.775,0,0.925,553.5416666666666
noisy_feedback,15,scoped,all,0.8541666666666666,0.555,0.025,0.14583333333333334,266.1958333333333
noisy_feedback,15,scoped,pre,0.85,0.5425,0.025,0.15,267.2
noisy_feedback,15,scoped,post,0.8583333333333333,0.5675,0.025,0.14166666666666666,265.19166666666666
noisy_feedback,15,gated,all,1,0.98875,0.0375,0,139.6125
noisy_feedback,15,gated,pre,1,0.99,0.03333333333333333,0,138.76666666666668
noisy_feedback,15,gated,post,1,0.9875,0.041666666666666664,0,140.45833333333334
noisy_feedback,16,none,all,1,0.7,1,0,2
noisy_feedback,16,none,pre,1,0.7,1,0,2
noisy_feedback,16,none,post,1,0.7,1,0,2
noisy_feedback,16,static,all,0.49583333333333335,-0.51625,0.0125,0.5041666666666667,185.07083333333333
noisy_feedback,16,static,pre,0.9916666666666667,0.9675,0.025,0.008333333333333333,177.99166666666667
noisy_feedback,16,static,post,0,-2,0,1,192.15
noisy_feedback,16,recency,all,0.7791666666666667,0.33375,0.0125,0.22083333333333333,401.74583333333334
noisy_feedback,16,recency,pre,0.8083333333333333,0.4175,0.025,0.19166666666666668,248.125
noisy_feedback,16,recency,post,0.75,0.25,0,0.25,555.3666666666667
noisy_feedback,16,frequency,all,0.5208333333333334,-0.44125,0.0125,0.4791666666666667,401.74583333333334
noisy_feedback,16,frequency,pre,0.9916666666666667,0.9675,0.025,0.008333333333333333,248.125
noisy_feedback,16,frequency,post,0.05,-1.85,0,0.95,555.3666666666667
noisy_feedback,16,scoped,all,0.7875,0.355,0.025,0.2125,258.0833333333333
noisy_feedback,16,scoped,pre,0.8083333333333333,0.4175,0.025,0.19166666666666668,248.125
noisy_feedback,16,scoped,post,0.7666666666666667,0.2925,0.025,0.23333333333333334,268.0416666666667
noisy_feedback,16,gated,all,1,0.98875,0.0375,0,139.19166666666666
noisy_feedback,16,gated,pre,1,0.9925,0.025,0,141.5
noisy_feedback,16,gated,post,1,0.985,0.05,0,136.88333333333333
noisy_feedback,17,none,all,1,0.7,1,0,2
noisy_feedback,17,none,pre,1,0.7,1,0,2
noisy_feedback,17,none,post,1,0.7,1,0,2
noisy_feedback,17,static,all,0.475,-0.57875,0.0125,0.525,276.9125
noisy_feedback,17,static,pre,0.95,0.8425,0.025,0.05,268.825
noisy_feedback,17,static,post,0,-2,0,1,285
noisy_feedback,17,recency,all,0.75,0.24625,0.0125,0.25,415.74583333333334
noisy_feedback,17,recency,pre,0.7583333333333333,0.2675,0.025,0.24166666666666667,269.8333333333333
noisy_feedback,17,recency,post,0.7416666666666667,0.225,0,0.25833333333333336,561.6583333333333
noisy_feedback,17,frequency,all,0.55,-0.35375,0.0125,0.45,415.74583333333334
noisy_feedback,17,frequency,pre,0.9666666666666667,0.8925,0.025,0.03333333333333333,269.8333333333333
noisy_feedback,17,frequency,post,0.13333333333333333,-1.6,0,0.8666666666666667,561.6583333333333
noisy_feedback,17,scoped,all,0.7541666666666667,0.255,0.025,0.24583333333333332,271.5375
noisy_feedback,17,scoped,pre,0.7583333333333333,0.2675,0.025,0.24166666666666667,269.8333333333333
noisy_feedback,17,scoped,post,0.75,0.2425,0.025,0.25,273.2416666666667
noisy_feedback,17,gated,all,1,0.99125,0.029166666666666667,0,140.69166666666666
noisy_feedback,17,gated,pre,1,0.99,0.03333333333333333,0,140.725
noisy_feedback,17,gated,post,1,0.9925,0.025,0,140.65833333333333
noisy_feedback,18,none,all,1,0.7,1,0,2
noisy_feedback,18,none,pre,1,0.7,1,0,2
noisy_feedback,18,none,post,1,0.7,1,0,2
noisy_feedback,18,static,all,0.48333333333333334,-0.55375,0.0125,0.5166666666666667,230.64583333333334
noisy_feedback,18,static,pre,0.9666666666666667,0.8925,0.025,0.03333333333333333,229.25833333333333
noisy_feedback,18,static,post,0,-2,0,1,232.03333333333333
noisy_feedback,18,recency,all,0.7791666666666667,0.33375,0.0125,0.22083333333333333,414.75416666666666
noisy_feedback,18,recency,pre,0.7666666666666667,0.2925,0.025,0.23333333333333334,263.89166666666665
noisy_feedback,18,recency,post,0.7916666666666666,0.375,0,0.20833333333333334,565.6166666666667
noisy_feedback,18,frequency,all,0.5708333333333333,-0.29125,0.0125,0.42916666666666664,414.75416666666666
noisy_feedback,18,frequency,pre,0.9916666666666667,0.9675,0.025,0.008333333333333333,263.89166666666665
noisy_feedback,18,frequency,post,0.15,-1.55,0,0.85,565.6166666666667
noisy_feedback,18,scoped,all,0.7916666666666666,0.3675,0.025,0.20833333333333334,270.1333333333333
noisy_feedback,18,scoped,pre,0.7666666666666667,0.2925,0.025,0.23333333333333334,263.89166666666665
noisy_feedback,18,scoped,post,0.8166666666666667,0.4425,0.025,0.18333333333333332,276.375
noisy_feedback,18,gated,all,1,0.98875,0.0375,0,139.75
noisy_feedback,18,gated,pre,1,0.99,0.03333333333333333,0,139.51666666666668
noisy_feedback,18,gated,post,1,0.9875,0.041666666666666664,0,139.98333333333332
noisy_feedback,19,none,all,1,0.7,1,0,2
noisy_feedback,19,none,pre,1,0.7,1,0,2
noisy_feedback,19,none,post,1,0.7,1,0,2
noisy_feedback,19,static,all,0.5541666666666667,-0.34125,0.0125,0.44583333333333336,235.17916666666667
noisy_feedback,19,static,pre,0.4,-0.8075,0.025,0.6,227.53333333333333
noisy_feedback,19,static,post,0.7083333333333334,0.125,0,0.2916666666666667,242.825
noisy_feedback,19,recency,all,0.7666666666666667,0.29625,0.0125,0.23333333333333334,409.4375
noisy_feedback,19,recency,pre,0.775,0.3175,0.025,0.225,258.7416666666667
noisy_feedback,19,recency,post,0.7583333333333333,0.275,0,0.24166666666666667,560.1333333333333
noisy_feedback,19,frequency,all,0.5083333333333333,-0.47875,0.0125,0.49166666666666664,409.4375
noisy_feedback,19,frequency,pre,1,0.9925,0.025,0,258.7416666666667
noisy_feedback,19,frequency,post,0.016666666666666666,-1.95,0,0.9833333333333333,560.1333333333333
noisy_feedback,19,scoped,all,0.7791666666666667,0.33,0.025,0.22083333333333333,265.3666666666667
noisy_feedback,19,scoped,pre,0.775,0.3175,0.025,0.225,258.7416666666667
noisy_feedback,19,scoped,post,0.7833333333333333,0.3425,0.025,0.21666666666666667,271.9916666666667
noisy_feedback,19,gated,all,1,0.99,0.03333333333333333,0,140.02083333333334
noisy_feedback,19,gated,pre,1,0.9925,0.025,0,139.775
noisy_feedback,19,gated,post,1,0.9875,0.041666666666666664,0,140.26666666666668
hidden_drift,0,none,all,1,0.7,1,0,2
hidden_drift,0,none,pre,1,0.7,1,0,2
hidden_drift,0,none,post,1,0.7,1,0,2
hidden_drift,0,static,all,0.5,-0.50375,0.0125,0.5,142.13333333333333
hidden_drift,0,static,pre,1,0.9925,0.025,0,140.41666666666666
hidden_drift,0,static,post,0,-2,0,1,143.85
hidden_drift,0,recency,all,0.9875,0.95875,0.0125,0.0125,214.25833333333333
hidden_drift,0,recency,pre,1,0.9925,0.025,0,141.30833333333334
hidden_drift,0,recency,post,0.975,0.925,0,0.025,287.2083333333333
hidden_drift,0,frequency,all,0.5333333333333333,-0.40375,0.0125,0.4666666666666667,214.25833333333333
hidden_drift,0,frequency,pre,1,0.9925,0.025,0,141.30833333333334
hidden_drift,0,frequency,post,0.06666666666666667,-1.8,0,0.9333333333333333,287.2083333333333
hidden_drift,0,scoped,all,0.9875,0.95875,0.0125,0.0125,214.25833333333333
hidden_drift,0,scoped,pre,1,0.9925,0.025,0,141.30833333333334
hidden_drift,0,scoped,post,0.975,0.925,0,0.025,287.2083333333333
hidden_drift,0,gated,all,0.9875,0.95875,0.0125,0.0125,214.25833333333333
hidden_drift,0,gated,pre,1,0.9925,0.025,0,141.30833333333334
hidden_drift,0,gated,post,0.975,0.925,0,0.025,287.2083333333333
hidden_drift,1,none,all,1,0.7,1,0,2
hidden_drift,1,none,pre,1,0.7,1,0,2
hidden_drift,1,none,post,1,0.7,1,0,2
hidden_drift,1,static,all,0.5,-0.50375,0.0125,0.5,142.03333333333333
hidden_drift,1,static,pre,1,0.9925,0.025,0,140.225
hidden_drift,1,static,post,0,-2,0,1,143.84166666666667
hidden_drift,1,recency,all,0.9875,0.95875,0.0125,0.0125,214.29166666666666
hidden_drift,1,recency,pre,1,0.9925,0.025,0,140.875
hidden_drift,1,recency,post,0.975,0.925,0,0.025,287.7083333333333
hidden_drift,1,frequency,all,0.5083333333333333,-0.47875,0.0125,0.49166666666666664,214.29166666666666
hidden_drift,1,frequency,pre,1,0.9925,0.025,0,140.875
hidden_drift,1,frequency,post,0.016666666666666666,-1.95,0,0.9833333333333333,287.7083333333333
hidden_drift,1,scoped,all,0.9875,0.95875,0.0125,0.0125,214.29166666666666
hidden_drift,1,scoped,pre,1,0.9925,0.025,0,140.875
hidden_drift,1,scoped,post,0.975,0.925,0,0.025,287.7083333333333
hidden_drift,1,gated,all,0.9875,0.95875,0.0125,0.0125,214.29166666666666
hidden_drift,1,gated,pre,1,0.9925,0.025,0,140.875
hidden_drift,1,gated,post,0.975,0.925,0,0.025,287.7083333333333
hidden_drift,2,none,all,1,0.7,1,0,2
hidden_drift,2,none,pre,1,0.7,1,0,2
hidden_drift,2,none,post,1,0.7,1,0,2
hidden_drift,2,static,all,0.5,-0.50375,0.0125,0.5,141.30833333333334
hidden_drift,2,static,pre,1,0.9925,0.025,0,139.94166666666666
hidden_drift,2,static,post,0,-2,0,1,142.675
hidden_drift,2,recency,all,0.9875,0.95875,0.0125,0.0125,213.65833333333333
hidden_drift,2,recency,pre,1,0.9925,0.025,0,140.49166666666667
hidden_drift,2,recency,post,0.975,0.925,0,0.025,286.825
hidden_drift,2,frequency,all,0.6041666666666666,-0.19125,0.0125,0.3958333333333333,213.65833333333333
hidden_drift,2,frequency,pre,1,0.9925,0.025,0,140.49166666666667
hidden_drift,2,frequency,post,0.20833333333333334,-1.375,0,0.7916666666666666,286.825
hidden_drift,2,scoped,all,0.9875,0.95875,0.0125,0.0125,213.65833333333333
hidden_drift,2,scoped,pre,1,0.9925,0.025,0,140.49166666666667
hidden_drift,2,scoped,post,0.975,0.925,0,0.025,286.825
hidden_drift,2,gated,all,0.9875,0.95875,0.0125,0.0125,213.65833333333333
hidden_drift,2,gated,pre,1,0.9925,0.025,0,140.49166666666667
hidden_drift,2,gated,post,0.975,0.925,0,0.025,286.825
hidden_drift,3,none,all,1,0.7,1,0,2
hidden_drift,3,none,pre,1,0.7,1,0,2
hidden_drift,3,none,post,1,0.7,1,0,2
hidden_drift,3,static,all,0.5,-0.50375,0.0125,0.5,142.225
hidden_drift,3,static,pre,1,0.9925,0.025,0,140.275
hidden_drift,3,static,post,0,-2,0,1,144.175
hidden_drift,3,recency,all,0.9875,0.95875,0.0125,0.0125,214.55
hidden_drift,3,recency,pre,1,0.9925,0.025,0,140.875
hidden_drift,3,recency,post,0.975,0.925,0,0.025,288.225
hidden_drift,3,frequency,all,0.5333333333333333,-0.40375,0.0125,0.4666666666666667,214.55
hidden_drift,3,frequency,pre,1,0.9925,0.025,0,140.875
hidden_drift,3,frequency,post,0.06666666666666667,-1.8,0,0.9333333333333333,288.225
hidden_drift,3,scoped,all,0.9875,0.95875,0.0125,0.0125,214.55
hidden_drift,3,scoped,pre,1,0.9925,0.025,0,140.875
hidden_drift,3,scoped,post,0.975,0.925,0,0.025,288.225
hidden_drift,3,gated,all,0.9875,0.95875,0.0125,0.0125,214.55
hidden_drift,3,gated,pre,1,0.9925,0.025,0,140.875
hidden_drift,3,gated,post,0.975,0.925,0,0.025,288.225
hidden_drift,4,none,all,1,0.7,1,0,2
hidden_drift,4,none,pre,1,0.7,1,0,2
hidden_drift,4,none,post,1,0.7,1,0,2
hidden_drift,4,static,all,0.5,-0.50375,0.0125,0.5,141.76666666666668
hidden_drift,4,static,pre,1,0.9925,0.025,0,139.96666666666667
hidden_drift,4,static,post,0,-2,0,1,143.56666666666666
hidden_drift,4,recency,all,0.9875,0.95875,0.0125,0.0125,213.80833333333334
hidden_drift,4,recency,pre,1,0.9925,0.025,0,140.60833333333332
hidden_drift,4,recency,post,0.975,0.925,0,0.025,287.0083333333333
hidden_drift,4,frequency,all,0.5125,-0.46625,0.0125,0.4875,213.80833333333334
hidden_drift,4,frequency,pre,1,0.9925,0.025,0,140.60833333333332
hidden_drift,4,frequency,post,0.025,-1.925,0,0.975,287.0083333333333
hidden_drift,4,scoped,all,0.9875,0.95875,0.0125,0.0125,213.80833333333334
hidden_drift,4,scoped,pre,1,0.9925,0.025,0,140.60833333333332
hidden_drift,4,scoped,post,0.975,0.925,0,0.025,287.0083333333333
hidden_drift,4,gated,all,0.9875,0.95875,0.0125,0.0125,213.80833333333334
hidden_drift,4,gated,pre,1,0.9925,0.025,0,140.60833333333332
hidden_drift,4,gated,post,0.975,0.925,0,0.025,287.0083333333333
hidden_drift,5,none,all,1,0.7,1,0,2
hidden_drift,5,none,pre,1,0.7,1,0,2
hidden_drift,5,none,post,1,0.7,1,0,2
hidden_drift,5,static,all,0.5,-0.50375,0.0125,0.5,142.5
hidden_drift,5,static,pre,1,0.9925,0.025,0,140.5
hidden_drift,5,static,post,0,-2,0,1,144.5
hidden_drift,5,recency,all,0.9875,0.95875,0.0125,0.0125,214.52916666666667
hidden_drift,5,recency,pre,1,0.9925,0.025,0,141.08333333333334
hidden_drift,5,recency,post,0.975,0.925,0,0.025,287.975
hidden_drift,5,frequency,all,0.5708333333333333,-0.29125,0.0125,0.42916666666666664,214.52916666666667
hidden_drift,5,frequency,pre,1,0.9925,0.025,0,141.08333333333334
hidden_drift,5,frequency,post,0.14166666666666666,-1.575,0,0.8583333333333333,287.975
hidden_drift,5,scoped,all,0.9875,0.95875,0.0125,0.0125,214.52916666666667
hidden_drift,5,scoped,pre,1,0.9925,0.025,0,141.08333333333334
hidden_drift,5,scoped,post,0.975,0.925,0,0.025,287.975
hidden_drift,5,gated,all,0.9875,0.95875,0.0125,0.0125,214.52916666666667
hidden_drift,5,gated,pre,1,0.9925,0.025,0,141.08333333333334
hidden_drift,5,gated,post,0.975,0.925,0,0.025,287.975
hidden_drift,6,none,all,1,0.7,1,0,2
hidden_drift,6,none,pre,1,0.7,1,0,2
hidden_drift,6,none,post,1,0.7,1,0,2
hidden_drift,6,static,all,0.5,-0.50375,0.0125,0.5,142.78333333333333
hidden_drift,6,static,pre,1,0.9925,0.025,0,140.95833333333334
hidden_drift,6,static,post,0,-2,0,1,144.60833333333332
hidden_drift,6,recency,all,0.9875,0.95875,0.0125,0.0125,214.675
hidden_drift,6,recency,pre,1,0.9925,0.025,0,141.54166666666666
hidden_drift,6,recency,post,0.975,0.925,0,0.025,287.80833333333334
hidden_drift,6,frequency,all,0.5333333333333333,-0.40375,0.0125,0.4666666666666667,214.675
hidden_drift,6,frequency,pre,1,0.9925,0.025,0,141.54166666666666
hidden_drift,6,frequency,post,0.06666666666666667,-1.8,0,0.9333333333333333,287.80833333333334
hidden_drift,6,scoped,all,0.9875,0.95875,0.0125,0.0125,214.675
hidden_drift,6,scoped,pre,1,0.9925,0.025,0,141.54166666666666
hidden_drift,6,scoped,post,0.975,0.925,0,0.025,287.80833333333334
hidden_drift,6,gated,all,0.9875,0.95875,0.0125,0.0125,214.675
hidden_drift,6,gated,pre,1,0.9925,0.025,0,141.54166666666666
hidden_drift,6,gated,post,0.975,0.925,0,0.025,287.80833333333334
hidden_drift,7,none,all,1,0.7,1,0,2
hidden_drift,7,none,pre,1,0.7,1,0,2
hidden_drift,7,none,post,1,0.7,1,0,2
hidden_drift,7,static,all,0.5,-0.50375,0.0125,0.5,142.40833333333333
hidden_drift,7,static,pre,1,0.9925,0.025,0,140.78333333333333
hidden_drift,7,static,post,0,-2,0,1,144.03333333333333
hidden_drift,7,recency,all,0.9875,0.95875,0.0125,0.0125,214.19583333333333
hidden_drift,7,recency,pre,1,0.9925,0.025,0,141.41666666666666
hidden_drift,7,recency,post,0.975,0.925,0,0.025,286.975
hidden_drift,7,frequency,all,0.5583333333333333,-0.32875,0.0125,0.44166666666666665,214.19583333333333
hidden_drift,7,frequency,pre,1,0.9925,0.025,0,141.41666666666666
hidden_drift,7,frequency,post,0.11666666666666667,-1.65,0,0.8833333333333333,286.975
hidden_drift,7,scoped,all,0.9875,0.95875,0.0125,0.0125,214.19583333333333
hidden_drift,7,scoped,pre,1,0.9925,0.025,0,141.41666666666666
hidden_drift,7,scoped,post,0.975,0.925,0,0.025,286.975
hidden_drift,7,gated,all,0.9875,0.95875,0.0125,0.0125,214.19583333333333
hidden_drift,7,gated,pre,1,0.9925,0.025,0,141.41666666666666
hidden_drift,7,gated,post,0.975,0.925,0,0.025,286.975
hidden_drift,8,none,all,1,0.7,1,0,2
hidden_drift,8,none,pre,1,0.7,1,0,2
hidden_drift,8,none,post,1,0.7,1,0,2
hidden_drift,8,static,all,0.5,-0.50375,0.0125,0.5,142.325
hidden_drift,8,static,pre,1,0.9925,0.025,0,140.46666666666667
hidden_drift,8,static,post,0,-2,0,1,144.18333333333334
hidden_drift,8,recency,all,0.9875,0.95875,0.0125,0.0125,214.17083333333332
hidden_drift,8,recency,pre,1,0.9925,0.025,0,141.08333333333334
hidden_drift,8,recency,post,0.975,0.925,0,0.025,287.2583333333333
hidden_drift,8,frequency,all,0.525,-0.42875,0.0125,0.475,214.17083333333332
hidden_drift,8,frequency,pre,1,0.9925,0.025,0,141.08333333333334
hidden_drift,8,frequency,post,0.05,-1.85,0,0.95,287.2583333333333
hidden_drift,8,scoped,all,0.9875,0.95875,0.0125,0.0125,214.17083333333332
hidden_drift,8,scoped,pre,1,0.9925,0.025,0,141.08333333333334
hidden_drift,8,scoped,post,0.975,0.925,0,0.025,287.2583333333333
hidden_drift,8,gated,all,0.9875,0.95875,0.0125,0.0125,214.17083333333332
hidden_drift,8,gated,pre,1,0.9925,0.025,0,141.08333333333334
hidden_drift,8,gated,post,0.975,0.925,0,0.025,287.2583333333333
hidden_drift,9,none,all,1,0.7,1,0,2
hidden_drift,9,none,pre,1,0.7,1,0,2
hidden_drift,9,none,post,1,0.7,1,0,2
hidden_drift,9,static,all,0.5,-0.50375,0.0125,0.5,142.58333333333334
hidden_drift,9,static,pre,1,0.9925,0.025,0,140.79166666666666
hidden_drift,9,static,post,0,-2,0,1,144.375
hidden_drift,9,recency,all,0.9875,0.95875,0.0125,0.0125,214.29583333333332
hidden_drift,9,recency,pre,1,0.9925,0.025,0,141.68333333333334
hidden_drift,9,recency,post,0.975,0.925,0,0.025,286.90833333333336
hidden_drift,9,frequency,all,0.5583333333333333,-0.32875,0.0125,0.44166666666666665,214.29583333333332
hidden_drift,9,frequency,pre,1,0.9925,0.025,0,141.68333333333334
hidden_drift,9,frequency,post,0.11666666666666667,-1.65,0,0.8833333333333333,286.90833333333336
hidden_drift,9,scoped,all,0.9875,0.95875,0.0125,0.0125,214.29583333333332
hidden_drift,9,scoped,pre,1,0.9925,0.025,0,141.68333333333334
hidden_drift,9,scoped,post,0.975,0.925,0,0.025,286.90833333333336
hidden_drift,9,gated,all,0.9875,0.95875,0.0125,0.0125,214.29583333333332
hidden_drift,9,gated,pre,1,0.9925,0.025,0,141.68333333333334
hidden_drift,9,gated,post,0.975,0.925,0,0.025,286.90833333333336
hidden_drift,10,none,all,1,0.7,1,0,2
hidden_drift,10,none,pre,1,0.7,1,0,2
hidden_drift,10,none,post,1,0.7,1,0,2
hidden_drift,10,static,all,0.5,-0.50375,0.0125,0.5,142.4875
hidden_drift,10,static,pre,1,0.9925,0.025,0,140.375
hidden_drift,10,static,post,0,-2,0,1,144.6
hidden_drift,10,recency,all,0.9875,0.95875,0.0125,0.0125,214.37083333333334
hidden_drift,10,recency,pre,1,0.9925,0.025,0,140.95
hidden_drift,10,recency,post,0.975,0.925,0,0.025,287.7916666666667
hidden_drift,10,frequency,all,0.5541666666666667,-0.34125,0.0125,0.44583333333333336,214.37083333333334
hidden_drift,10,frequency,pre,1,0.9925,0.025,0,140.95
hidden_drift,10,frequency,post,0.10833333333333334,-1.675,0,0.8916666666666667,287.7916666666667
hidden_drift,10,scoped,all,0.9875,0.95875,0.0125,0.0125,214.37083333333334
hidden_drift,10,scoped,pre,1,0.9925,0.025,0,140.95
hidden_drift,10,scoped,post,0.975,0.925,0,0.025,287.7916666666667
hidden_drift,10,gated,all,0.9875,0.95875,0.0125,0.0125,214.37083333333334
hidden_drift,10,gated,pre,1,0.9925,0.025,0,140.95
hidden_drift,10,gated,post,0.975,0.925,0,0.025,287.7916666666667
hidden_drift,11,none,all,1,0.7,1,0,2
hidden_drift,11,none,pre,1,0.7,1,0,2
hidden_drift,11,none,post,1,0.7,1,0,2
hidden_drift,11,static,all,0.5,-0.50375,0.0125,0.5,142.85833333333332
hidden_drift,11,static,pre,1,0.9925,0.025,0,140.96666666666667
hidden_drift,11,static,post,0,-2,0,1,144.75
hidden_drift,11,recency,all,0.9875,0.95875,0.0125,0.0125,214.33333333333334
hidden_drift,11,recency,pre,1,0.9925,0.025,0,141.64166666666668
hidden_drift,11,recency,post,0.975,0.925,0,0.025,287.025
hidden_drift,11,frequency,all,0.5083333333333333,-0.47875,0.0125,0.49166666666666664,214.33333333333334
hidden_drift,11,frequency,pre,1,0.9925,0.025,0,141.64166666666668
hidden_drift,11,frequency,post,0.016666666666666666,-1.95,0,0.9833333333333333,287.025
hidden_drift,11,scoped,all,0.9875,0.95875,0.0125,0.0125,214.33333333333334
hidden_drift,11,scoped,pre,1,0.9925,0.025,0,141.64166666666668
hidden_drift,11,scoped,post,0.975,0.925,0,0.025,287.025
hidden_drift,11,gated,all,0.9875,0.95875,0.0125,0.0125,214.33333333333334
hidden_drift,11,gated,pre,1,0.9925,0.025,0,141.64166666666668
hidden_drift,11,gated,post,0.975,0.925,0,0.025,287.025
hidden_drift,12,none,all,1,0.7,1,0,2
hidden_drift,12,none,pre,1,0.7,1,0,2
hidden_drift,12,none,post,1,0.7,1,0,2
hidden_drift,12,static,all,0.5,-0.50375,0.0125,0.5,142.87083333333334
hidden_drift,12,static,pre,1,0.9925,0.025,0,141.03333333333333
hidden_drift,12,static,post,0,-2,0,1,144.70833333333334
hidden_drift,12,recency,all,0.9875,0.95875,0.0125,0.0125,214.75
hidden_drift,12,recency,pre,1,0.9925,0.025,0,141.925
hidden_drift,12,recency,post,0.975,0.925,0,0.025,287.575
hidden_drift,12,frequency,all,0.5041666666666667,-0.49125,0.0125,0.49583333333333335,214.75
hidden_drift,12,frequency,pre,1,0.9925,0.025,0,141.925
hidden_drift,12,frequency,post,0.008333333333333333,-1.975,0,0.9916666666666667,287.575
hidden_drift,12,scoped,all,0.9875,0.95875,0.0125,0.0125,214.75
hidden_drift,12,scoped,pre,1,0.9925,0.025,0,141.925
hidden_drift,12,scoped,post,0.975,0.925,0,0.025,287.575
hidden_drift,12,gated,all,0.9875,0.95875,0.0125,0.0125,214.75
hidden_drift,12,gated,pre,1,0.9925,0.025,0,141.925
hidden_drift,12,gated,post,0.975,0.925,0,0.025,287.575
hidden_drift,13,none,all,1,0.7,1,0,2
hidden_drift,13,none,pre,1,0.7,1,0,2
hidden_drift,13,none,post,1,0.7,1,0,2
hidden_drift,13,static,all,0.5,-0.50375,0.0125,0.5,142.5
hidden_drift,13,static,pre,1,0.9925,0.025,0,140.7
hidden_drift,13,static,post,0,-2,0,1,144.3
hidden_drift,13,recency,all,0.9875,0.95875,0.0125,0.0125,214.29583333333332
hidden_drift,13,recency,pre,1,0.9925,0.025,0,141.38333333333333
hidden_drift,13,recency,post,0.975,0.925,0,0.025,287.2083333333333
hidden_drift,13,frequency,all,0.5416666666666666,-0.37875,0.0125,0.4583333333333333,214.29583333333332
hidden_drift,13,frequency,pre,1,0.9925,0.025,0,141.38333333333333
hidden_drift,13,frequency,post,0.08333333333333333,-1.75,0,0.9166666666666666,287.2083333333333
hidden_drift,13,scoped,all,0.9875,0.95875,0.0125,0.0125,214.29583333333332
hidden_drift,13,scoped,pre,1,0.9925,0.025,0,141.38333333333333
hidden_drift,13,scoped,post,0.975,0.925,0,0.025,287.2083333333333
hidden_drift,13,gated,all,0.9875,0.95875,0.0125,0.0125,214.29583333333332
hidden_drift,13,gated,pre,1,0.9925,0.025,0,141.38333333333333
hidden_drift,13,gated,post,0.975,0.925,0,0.025,287.2083333333333
hidden_drift,14,none,all,1,0.7,1,0,2
hidden_drift,14,none,pre,1,0.7,1,0,2
hidden_drift,14,none,post,1,0.7,1,0,2
hidden_drift,14,static,all,0.5,-0.50375,0.0125,0.5,141.76666666666668
hidden_drift,14,static,pre,1,0.9925,0.025,0,140.175
hidden_drift,14,static,post,0,-2,0,1,143.35833333333332
hidden_drift,14,recency,all,0.9875,0.95875,0.0125,0.0125,213.8875
hidden_drift,14,recency,pre,1,0.9925,0.025,0,140.75
hidden_drift,14,recency,post,0.975,0.925,0,0.025,287.025
hidden_drift,14,frequency,all,0.5458333333333333,-0.36625,0.0125,0.45416666666666666,213.8875
hidden_drift,14,frequency,pre,1,0.9925,0.025,0,140.75
hidden_drift,14,frequency,post,0.09166666666666666,-1.725,0,0.9083333333333333,287.025
hidden_drift,14,scoped,all,0.9875,0.95875,0.0125,0.0125,213.8875
hidden_drift,14,scoped,pre,1,0.9925,0.025,0,140.75
hidden_drift,14,scoped,post,0.975,0.925,0,0.025,287.025
hidden_drift,14,gated,all,0.9875,0.95875,0.0125,0.0125,213.8875
hidden_drift,14,gated,pre,1,0.9925,0.025,0,140.75
hidden_drift,14,gated,post,0.975,0.925,0,0.025,287.025
hidden_drift,15,none,all,1,0.7,1,0,2
hidden_drift,15,none,pre,1,0.7,1,0,2
hidden_drift,15,none,post,1,0.7,1,0,2
hidden_drift,15,static,all,0.5,-0.50375,0.0125,0.5,141.54583333333332
hidden_drift,15,static,pre,1,0.9925,0.025,0,139.44166666666666
hidden_drift,15,static,post,0,-2,0,1,143.65
hidden_drift,15,recency,all,0.9875,0.95875,0.0125,0.0125,213.97083333333333
hidden_drift,15,recency,pre,1,0.9925,0.025,0,139.73333333333332
hidden_drift,15,recency,post,0.975,0.925,0,0.025,288.2083333333333
hidden_drift,15,frequency,all,0.5833333333333334,-0.25375,0.0125,0.4166666666666667,213.97083333333333
hidden_drift,15,frequency,pre,1,0.9925,0.025,0,139.73333333333332
hidden_drift,15,frequency,post,0.16666666666666666,-1.5,0,0.8333333333333334,288.2083333333333
hidden_drift,15,scoped,all,0.9875,0.95875,0.0125,0.0125,213.97083333333333
hidden_drift,15,scoped,pre,1,0.9925,0.025,0,139.73333333333332
hidden_drift,15,scoped,post,0.975,0.925,0,0.025,288.2083333333333
hidden_drift,15,gated,all,0.9875,0.95875,0.0125,0.0125,213.97083333333333
hidden_drift,15,gated,pre,1,0.9925,0.025,0,139.73333333333332
hidden_drift,15,gated,post,0.975,0.925,0,0.025,288.2083333333333
hidden_drift,16,none,all,1,0.7,1,0,2
hidden_drift,16,none,pre,1,0.7,1,0,2
hidden_drift,16,none,post,1,0.7,1,0,2
hidden_drift,16,static,all,0.5,-0.50375,0.0125,0.5,142.64583333333334
hidden_drift,16,static,pre,1,0.9925,0.025,0,140.96666666666667
hidden_drift,16,static,post,0,-2,0,1,144.325
hidden_drift,16,recency,all,0.9875,0.95875,0.0125,0.0125,214.33333333333334
hidden_drift,16,recency,pre,1,0.9925,0.025,0,141.85833333333332
hidden_drift,16,recency,post,0.975,0.925,0,0.025,286.80833333333334
hidden_drift,16,frequency,all,0.5291666666666667,-0.41625,0.0125,0.4708333333333333,214.33333333333334
hidden_drift,16,frequency,pre,1,0.9925,0.025,0,141.85833333333332
hidden_drift,16,frequency,post,0.058333333333333334,-1.825,0,0.9416666666666667,286.80833333333334
hidden_drift,16,scoped,all,0.9875,0.95875,0.0125,0.0125,214.33333333333334
hidden_drift,16,scoped,pre,1,0.9925,0.025,0,141.85833333333332
hidden_drift,16,scoped,post,0.975,0.925,0,0.025,286.80833333333334
hidden_drift,16,gated,all,0.9875,0.95875,0.0125,0.0125,214.33333333333334
hidden_drift,16,gated,pre,1,0.9925,0.025,0,141.85833333333332
hidden_drift,16,gated,post,0.975,0.925,0,0.025,286.80833333333334
hidden_drift,17,none,all,1,0.7,1,0,2
hidden_drift,17,none,pre,1,0.7,1,0,2
hidden_drift,17,none,post,1,0.7,1,0,2
hidden_drift,17,static,all,0.5,-0.50375,0.0125,0.5,143.18333333333334
hidden_drift,17,static,pre,1,0.9925,0.025,0,141.51666666666668
hidden_drift,17,static,post,0,-2,0,1,144.85
hidden_drift,17,recency,all,0.9875,0.95875,0.0125,0.0125,214.68333333333334
hidden_drift,17,recency,pre,1,0.9925,0.025,0,142.10833333333332
hidden_drift,17,recency,post,0.975,0.925,0,0.025,287.2583333333333
hidden_drift,17,frequency,all,0.5416666666666666,-0.37875,0.0125,0.4583333333333333,214.68333333333334
hidden_drift,17,frequency,pre,1,0.9925,0.025,0,142.10833333333332
hidden_drift,17,frequency,post,0.08333333333333333,-1.75,0,0.9166666666666666,287.2583333333333
hidden_drift,17,scoped,all,0.9875,0.95875,0.0125,0.0125,214.68333333333334
hidden_drift,17,scoped,pre,1,0.9925,0.025,0,142.10833333333332
hidden_drift,17,scoped,post,0.975,0.925,0,0.025,287.2583333333333
hidden_drift,17,gated,all,0.9875,0.95875,0.0125,0.0125,214.68333333333334
hidden_drift,17,gated,pre,1,0.9925,0.025,0,142.10833333333332
hidden_drift,17,gated,post,0.975,0.925,0,0.025,287.2583333333333
hidden_drift,18,none,all,1,0.7,1,0,2
hidden_drift,18,none,pre,1,0.7,1,0,2
hidden_drift,18,none,post,1,0.7,1,0,2
hidden_drift,18,static,all,0.5,-0.50375,0.0125,0.5,141.94166666666666
hidden_drift,18,static,pre,1,0.9925,0.025,0,140.08333333333334
hidden_drift,18,static,post,0,-2,0,1,143.8
hidden_drift,18,recency,all,0.9875,0.95875,0.0125,0.0125,214.2125
hidden_drift,18,recency,pre,1,0.9925,0.025,0,140.76666666666668
hidden_drift,18,recency,post,0.975,0.925,0,0.025,287.65833333333336
hidden_drift,18,frequency,all,0.5208333333333334,-0.44125,0.0125,0.4791666666666667,214.2125
hidden_drift,18,frequency,pre,1,0.9925,0.025,0,140.76666666666668
hidden_drift,18,frequency,post,0.041666666666666664,-1.875,0,0.9583333333333334,287.65833333333336
hidden_drift,18,scoped,all,0.9875,0.95875,0.0125,0.0125,214.2125
hidden_drift,18,scoped,pre,1,0.9925,0.025,0,140.76666666666668
hidden_drift,18,scoped,post,0.975,0.925,0,0.025,287.65833333333336
hidden_drift,18,gated,all,0.9875,0.95875,0.0125,0.0125,214.2125
hidden_drift,18,gated,pre,1,0.9925,0.025,0,140.76666666666668
hidden_drift,18,gated,post,0.975,0.925,0,0.025,287.65833333333336
hidden_drift,19,none,all,1,0.7,1,0,2
hidden_drift,19,none,pre,1,0.7,1,0,2
hidden_drift,19,none,post,1,0.7,1,0,2
hidden_drift,19,static,all,0.5,-0.50375,0.0125,0.5,141.26666666666668
hidden_drift,19,static,pre,1,0.9925,0.025,0,139.21666666666667
hidden_drift,19,static,post,0,-2,0,1,143.31666666666666
hidden_drift,19,recency,all,0.9875,0.95875,0.0125,0.0125,213.92083333333332
hidden_drift,19,recency,pre,1,0.9925,0.025,0,139.8
hidden_drift,19,recency,post,0.975,0.925,0,0.025,288.0416666666667
hidden_drift,19,frequency,all,0.5583333333333333,-0.32875,0.0125,0.44166666666666665,213.92083333333332
hidden_drift,19,frequency,pre,1,0.9925,0.025,0,139.8
hidden_drift,19,frequency,post,0.11666666666666667,-1.65,0,0.8833333333333333,288.0416666666667
hidden_drift,19,scoped,all,0.9875,0.95875,0.0125,0.0125,213.92083333333332
hidden_drift,19,scoped,pre,1,0.9925,0.025,0,139.8
hidden_drift,19,scoped,post,0.975,0.925,0,0.025,288.0416666666667
hidden_drift,19,gated,all,0.9875,0.95875,0.0125,0.0125,213.92083333333332
hidden_drift,19,gated,pre,1,0.9925,0.025,0,139.8
hidden_drift,19,gated,post,0.975,0.925,0,0.025,288.0416666666667
